"Address","Occurrences","H2-1","H2-1 Length","H2-2","H2-2 Length","Indexability","Indexability Status"
"https://zibdigital.com.au/","14","Achieve Your Full Business Potential with Data-Driven Results","61","Real Success Stories and Amazing Results","40","Indexable",""
"https://zibdigital.com.au/digital-marketing-agency-brisbane/","10","Partners in Innovation","22","Collaborative Creative Approach","31","Indexable",""
"https://zibdigital.com.au/seo-adelaide/","17","SEO Portfolio","13","Our approach to SEO Services is proven to deliver the results","61","Indexable",""
"https://zibdigital.com.au/seo-canberra/","6","We only work with the smartest companies","40","Digital marketing portfolio","27","Indexable",""
"https://zibdigital.com.au/social-media-marketing-agency-melbourne/","2","Our approach to SEO is proven to deliver the results","52","Get In Touch","12","Indexable",""
"https://zibdigital.com.au/social-media-marketing-agency-adelaide/","3","Social Media Marketing Agency Adelaide","38","Our approach to social media is proven to deliver results","57","Indexable",""
"https://zibdigital.com.au/social-media-marketing-agency-sydney/","9","We only work with the smartest companies","40","Proven social media marketing campaigns","39","Indexable",""
"https://zibdigital.com.au/casestudy/liberty-financial/","5","The client","10","The challenge","13","Indexable",""
"https://zibdigital.com.au/meet-the-team/","4","We’ve proven we can deliver results","35","With you every step of the way","30","Indexable",""
"https://zibdigital.com.au/web-graphic-design-adelaide/","10","We only work with the smartest companies","40","Beautiful web design Adelaide","29","Indexable",""
"https://zibdigital.com.au/digital-marketing-agency-melbourne/","18","Authentic Success Stories and Lasting Results","45","See what our clients have to say…","33","Indexable",""
"https://zibdigital.com.au/google-ads-management-agency-melbourne/","9","Google Ads & PPC portfolio","26","Our approach to PPC is proven to deliver the results","52","Indexable",""
"https://zibdigital.com.au/seo-melbourne/","23","Achieve Sustainable SEO Success","31","Client Success Above All","24","Indexable",""
"https://zibdigital.com.au/get-in-touch/","0","","0","","0","Indexable",""
"https://zibdigital.com.au/social-media-marketing-agency-canberra/","10","We only work with the smartest companies","40","Proven social media marketing adelaide campaigns","48","Indexable",""
"https://zibdigital.com.au/social-media-marketing-agency-gold-coast/","9","We only work with the smartest companies","40","Proven social media marketing campaigns","39","Indexable",""
"https://zibdigital.com.au/digital-marketing-adelaide/","6","We Choose Our Partners Wisely","29","Collaborative Creative Approach","31","Indexable",""
"https://zibdigital.com.au/zib-partner-opportunity/","22","The opportunity in digital","26","$11bn","5","Non-Indexable","noindex"
"https://zibdigital.com.au/privacy-policy/","12","Privacy policy","14","Overview","8","Non-Indexable","noindex"
"https://zibdigital.com.au/digital-marketing-agency-sydney/","7","We only work with the smartest companies","40","Digital marketing portfolio","27","Indexable",""
"https://zibdigital.com.au/case-studies/","5","Success stories","15","No matter the industry you’re in, or the size of your business, we’ll get you the results","89","Indexable",""
"https://zibdigital.com.au/google-ads/","33","Success stories","15","“At 64:1, our return on ad spend has been absolutely phenomenal.”","65","Indexable",""
"https://zibdigital.com.au/digital-marketing-agency-gold-coast/","10","We only work with the smartest companies","40","Digital marketing portfolio","27","Indexable",""
"https://zibdigital.com.au/casestudy/port-melbourne-containers/","4","The client","10","The challenge","13","Indexable",""
"https://zibdigital.com.au/social-media-marketing-agency-brisbane/","10","We only work with the smartest companies","40","Proven social media marketing campaigns","39","Indexable",""
"https://zibdigital.com.au/blog/","1","Get In Touch","12","","0","Indexable",""
"https://zibdigital.com.au/digital-marketing-geelong/","23","Putting our client’s success first","34","The numbers paint a picture","27","Indexable",""
"https://zibdigital.com.au/contact-zibdigital/","0","","0","","0","Indexable",""
"https://zibdigital.com.au/casestudy/procut/","5","The client","10","The challenge","13","Indexable",""
"https://zibdigital.com.au/casestudy/assured-roofing/","5","The client","10","The challenge","13","Indexable",""
"https://zibdigital.com.au/new-final-home-page/","16","Like all good relationships, we start with getting to know you and your business","80","Learning","8","Indexable",""
"https://zibdigital.com.au/web-graphic-design-melbourne/","10","We only work with the smartest companies","40","Beautiful web design","20","Indexable",""
"https://zibdigital.com.au/seo-geelong/","18","Putting our client’s success first","34","The numbers paint a picture","27","Indexable",""
"https://zibdigital.com.au/seo-agency/","14","SEO That Performs","17","Client-Centric Approach","23","Indexable",""
"https://zibdigital.com.au/seo-sydney/","9","We only work with the smartest companies","40","Proven SEO Service Campaigns","28","Indexable",""
"https://zibdigital.com.au/casestudy/amazing-graze/","5","The client","10","The challenge","13","Indexable",""
"https://zibdigital.com.au/seo-brisbane/","5","Our approach to Brisbane SEO Services is proven to deliver the results","70","A tailored Brisbane SEO strategy","32","Indexable",""
"https://zibdigital.com.au/digital-marketing-agency-canberra/","10","We only work with the smartest companies","40","Our portfolio","13","Indexable",""
"https://zibdigital.com.au/seo-gold-coast/","5","Our approach to SEO Agency in Gold Coast is proven to deliver the results","73","Tailored SEO Strategy for Gold Coast Businesses","47","Indexable",""
"https://zibdigital.com.au/social-media-marketing/","32","Social media content that gets results","38","Putting our client’s success first","34","Indexable",""
"https://zibdigital.com.au/casestudy/the-fruit-box-group/","4","The client","10","The challenge","13","Indexable",""
"https://zibdigital.com.au/starsha-green/","15","Meet Starsha Green, Zib Partner and Growth Specialist","53","Putting our client’s success first","34","Indexable",""
"https://zibdigital.com.au/team/matt-jackson/","2","Working with Matt","17","Book a free demo of our unique ROI tool","39","Indexable",""
"https://zibdigital.com.au/marty-tucker/","15","Meet Marty Tucker, your partner in digital growth","49","Putting our client’s success first","34","Indexable",""
"https://zibdigital.com.au/daniel-harris/","15","Meet Daniel Harris, Partner and Zib Growth Specialist","53","Putting our client’s success first","34","Indexable",""
"https://zibdigital.com.au/corrine-chalmers/","15","Meet your Growth Specialist: Corrine Chalmers","45","Putting our client’s success first","34","Indexable",""
"https://zibdigital.com.au/dylan-jake/","15","Introducing Dylan & Jake: Your Sales-Driven Growth Specialists","62","Putting our client’s success first","34","Indexable",""
"https://zibdigital.com.au/team/brandon-wood/","3","Working with Brandon","20","A success story","15","Indexable",""
"https://zibdigital.com.au/category/paid-advertising/","1","Get In Touch","12","","0","Non-Indexable","noindex"
"https://zibdigital.com.au/how-we-delivered-a-record-season-for-an-adventure-tourism-brand/","5","The brief: fill the calendar, grow the margins","46","A three-phase strategy: establish, deepen, convert","50","Indexable",""
"https://zibdigital.com.au/category/social-media/","1","Get In Touch","12","","0","Non-Indexable","noindex"
"https://zibdigital.com.au/category/digital-marketing/","1","Get In Touch","12","","0","Non-Indexable","noindex"
"https://zibdigital.com.au/category/seo/","1","Get In Touch","12","","0","Non-Indexable","noindex"
"https://zibdigital.com.au/how_to_align_seo/","1","Get In Touch","12","","0","Indexable",""
"https://zibdigital.com.au/google-ads-2025-roas/","1","Get In Touch","12","","0","Indexable",""
"https://zibdigital.com.au/the-holidays-go-digital/","1","Get In Touch","12","","0","Indexable",""
"https://zibdigital.com.au/wasting-google-ad-budget/","1","Get In Touch","12","","0","Indexable",""
"https://zibdigital.com.au/why-ppc-is-the-perfect-complement-to-your-seo-strategy/","1","Get In Touch","12","","0","Indexable",""
"https://zibdigital.com.au/casestudy-category/social-media/","0","","0","","0","Non-Indexable","noindex"
"https://zibdigital.com.au/casestudy-category/web-design/","0","","0","","0","Non-Indexable","noindex"
"https://zibdigital.com.au/casestudy/twelve-board-store/","5","The client","10","The challenge","13","Indexable",""
"https://zibdigital.com.au/casestudy/ncc/","5","The client","10","The challenge","13","Indexable",""
"https://zibdigital.com.au/casestudy/wicked-sista/","4","The client","10","The challenge","13","Indexable",""
"https://zibdigital.com.au/casestudy-category/digital-marketing/","0","","0","","0","Non-Indexable","noindex"
"https://zibdigital.com.au/casestudy/puma/","5","The client","10","The challenge","13","Indexable",""
"https://zibdigital.com.au/casestudy-category/seo-portfolio/","0","","0","","0","Non-Indexable","noindex"
