"Address","Occurrences","Meta Description 1","Meta Description 1 Length","Meta Description 1 Pixel Width","Indexability","Indexability Status"
"https://zibdigital.com.au/","1","Experience the expertise of Zib Digital, we offer digital marketing services across Australia. Contact our team of SEO and digital marketing specialists today! We would love to work with you.","191","1157","Indexable",""
"https://zibdigital.com.au/digital-marketing-agency-brisbane/","1","Zib Digital | We’re a leading digital marketing company in Brisbane, with a team of experienced professionals ready to help your business excel in the digital landscape. Explore our services in digital marketing across Brisbane today!","234","1410","Indexable",""
"https://zibdigital.com.au/seo-adelaide/","1","SEO Adelaide - Zib Digital, the trusted SEO agency, offers effective SEO services to increase organic traffic and visibility. Call now!","135","790","Indexable",""
"https://zibdigital.com.au/seo-canberra/","1","SEO Canberra - Zib Digital is one of the best SEO Company in Canberra offering result-driven SEO services. Hire SEO expert team today & get to first rank your website on Google.","177","1086","Indexable",""
"https://zibdigital.com.au/social-media-marketing-agency-melbourne/","1","Social Media Marketing Agency Melbourne – At Zib Digital, We help businesses to reach their goals with a proven social media marketing strategy in Melbourne.","157","978","Indexable",""
"https://zibdigital.com.au/social-media-marketing-agency-adelaide/","1","Social Media Marketing Adelaide – Zib Digital. Grow your brand online and reach your business goals with help from the best social media agency in Adelaide.","156","966","Indexable",""
"https://zibdigital.com.au/social-media-marketing-agency-sydney/","1","Sydney Social Media Agency Marketing - Attract customers & boost engagement with Zib Digital's proven strategies. Get a free quote!","131","820","Indexable",""
"https://zibdigital.com.au/casestudy/liberty-financial/","1","Discover how Liberty Financial increased Google Ads leads by 80% and reduced CPC by 70% with performance strategies from our digital marketing agency.","150","959","Indexable",""
"https://zibdigital.com.au/meet-the-team/","1","Get to know our team of marketing specialists at Zib Digital Australia. These are the experts that will drive your success","122","731","Indexable",""
"https://zibdigital.com.au/web-graphic-design-adelaide/","1","Zib Digital web design Adelaide is an Adelaide based web design company provides high quality and responsive website design services in Adelaide.","145","903","Indexable",""
"https://zibdigital.com.au/digital-marketing-agency-melbourne/","1","Zib Digital | We are a leading digital marketing company in Melbourne, with a team of experienced specialists in online marketing across Australia. Explore our services in digital marketing within Melbourne today!","213","1290","Indexable",""
"https://zibdigital.com.au/google-ads-management-agency-melbourne/","1","PPC Agency Melbourne - Zib Digital is the leading Google Ads Agency Melbourne wide. Our Google ads management team helps you to get immediate inquiries.","152","976","Indexable",""
"https://zibdigital.com.au/seo-melbourne/","1","Looking for expert SEO Melbourne services? Our digital marketing agency delivers data-driven SEO strategies that increase organic traffic, leads and revenue.","157","967","Indexable",""
"https://zibdigital.com.au/get-in-touch/","1","Zib Digital is your online SEO marketing expert Melbourne & Adelaide. Got a question? Get in touch with us today to request a proposal or free consultation.","156","952","Indexable",""
"https://zibdigital.com.au/social-media-marketing-agency-canberra/","1","Social Media Marketing Canberra – Grow your brand with the best social media agency Canberra has to offer. Let us help you reach your business goals.","149","940","Indexable",""
"https://zibdigital.com.au/social-media-marketing-agency-gold-coast/","1","Social Media Marketing Gold Coast – Grow your brand with the best social media agency Gold Coast has to offer. Let us help you reach your business goals.","153","962","Indexable",""
"https://zibdigital.com.au/digital-marketing-adelaide/","1","We are a leading digital marketing agency in Adelaide, with a team of experienced professionals ready to help your business excel in the digital landscape. Explore our digital marketing services in Adelaide today!","213","1286","Indexable",""
"https://zibdigital.com.au/zib-partner-opportunity/","0","","0","0","Non-Indexable","noindex"
"https://zibdigital.com.au/privacy-policy/","0","","0","0","Non-Indexable","noindex"
"https://zibdigital.com.au/digital-marketing-agency-sydney/","1","Zib Digital is a results-driven digital marketing agency in Sydney. We specialize in SEO, PPC, and Paid Social Ads. Get in touch with us now!","141","846","Indexable",""
"https://zibdigital.com.au/case-studies/","0","","0","0","Indexable",""
"https://zibdigital.com.au/google-ads/","1","Looking for branded Google Adwords Management Agency? Zib Digital is the reputed PPC Advertising company providing best Google Adwords management services.","155","1029","Indexable",""
"https://zibdigital.com.au/digital-marketing-agency-gold-coast/","1","Zib Digital provides comprehensive digital marketing solutions in Gold Coast. Digital Marketing Agency Gold Coast can help your small business succeed.","151","938","Indexable",""
"https://zibdigital.com.au/casestudy/port-melbourne-containers/","1","Zib Digital provided Port Melbourne Containers with the digital marketing solution they were looking for by implementing a complete overhaul of their current website.","166","1016","Indexable",""
"https://zibdigital.com.au/social-media-marketing-agency-brisbane/","1","Social Media Marketing Brisbane – Grow your brand with the best social media agency Brisbane has to offer. Let us help you reach your business goals.","149","934","Indexable",""
"https://zibdigital.com.au/blog/","1","Zib Digital brings researched-based blog updates on board. Stay tuned to Zib Digital Blog for trending informative updates on digital marketing trends.","151","922","Indexable",""
"https://zibdigital.com.au/digital-marketing-geelong/","1","We are a leading digital marketing agency in Geelong, focused on achieving remarkable business growth and success by utilising SEO, PPC, and social media marketing strategies.","175","1096","Indexable",""
"https://zibdigital.com.au/contact-zibdigital/","1","Drive more customers your way and contact Zib Digital. Our team of specialists will help grow your business. Call 1300 942 633 now.","131","815","Indexable",""
"https://zibdigital.com.au/casestudy/procut/","1","See how Pro Cut Tree Services increased website traffic by 540% and generated 20 organic leads daily with support from our digital marketing agency.","148","924","Indexable",""
"https://zibdigital.com.au/casestudy/assured-roofing/","1","Discover how Assured Roofing increased organic traffic by 410% and generated 27 leads per day with campaigns managed by our digital marketing agency.","149","960","Indexable",""
"https://zibdigital.com.au/new-final-home-page/","1","Zib Digital is an innovative and the best digital marketing agency in Australia. Our expert team help to improve their online presence, generate leads and increase their ROI.","174","1043","Indexable",""
"https://zibdigital.com.au/web-graphic-design-melbourne/","1","Web Design Melbourne, Zib Digital is a Melbourne's leading web design and website graphic design company dedicated to growing your Melbourne's business online.","159","1009","Indexable",""
"https://zibdigital.com.au/seo-geelong/","1","SEO Geelong - Zib Digital is a highly trusted SEO agency in Geelong with a proven track record. Expert in driving quality traffic and real leads to your business.","162","963","Indexable",""
"https://zibdigital.com.au/seo-agency/","1","Zib Digital | A leading SEO agency in Australia, with a team of seasoned specialists offering SEO services across Australia. Contact our ecommerce and seo agency today!","168","1040","Indexable",""
"https://zibdigital.com.au/seo-sydney/","1","Zib Digital is the best Sydney SEO Agency endorsed by thousands of Australian businesses. We deliver high value on investment. Call now!","136","847","Indexable",""
"https://zibdigital.com.au/casestudy/amazing-graze/","1","See how Amazing Graze Flowers increased online sales revenue by 600% and achieved top-3 Google rankings through SEO and digital marketing.","138","892","Indexable",""
"https://zibdigital.com.au/seo-brisbane/","1","SEO Brisbane - Zib Digital, your trusted SEO company, helps boost online visibility and drives more traffic through effective SEO services.","139","835","Indexable",""
"https://zibdigital.com.au/digital-marketing-agency-canberra/","1","Digital Marketing Canberra - The digital marketing agency Canberra businesses choose for digital simplified. In-house team providing full digital services.","155","936","Indexable",""
"https://zibdigital.com.au/seo-gold-coast/","1","SEO Gold Coast - Zib Digital is an expert SEO Agency in Gold Coast. Benefit from the best SEO services provided by us to boost your profits.","140","853","Indexable",""
"https://zibdigital.com.au/social-media-marketing/","1","Zib Digital is one of the leading social media agency in Australia, offering result driven social media marketing services across Australia to bring businesses to next level.","174","1028","Indexable",""
"https://zibdigital.com.au/casestudy/the-fruit-box-group/","1","Learn how The Fruit Box Group increased organic traffic by 250% and boosted leads by 300% with SEO and paid campaigns from our digital marketing agency.","152","978","Indexable",""
"https://zibdigital.com.au/starsha-green/","0","","0","0","Indexable",""
"https://zibdigital.com.au/team/matt-jackson/","0","","0","0","Indexable",""
"https://zibdigital.com.au/marty-tucker/","0","","0","0","Indexable",""
"https://zibdigital.com.au/daniel-harris/","0","","0","0","Indexable",""
"https://zibdigital.com.au/corrine-chalmers/","0","","0","0","Indexable",""
"https://zibdigital.com.au/dylan-jake/","0","","0","0","Indexable",""
"https://zibdigital.com.au/team/brandon-wood/","1","Brandon Wood possess handsome experience in digital marketing industry who strives to offer best digital solutions.","115","718","Indexable",""
"https://zibdigital.com.au/category/paid-advertising/","0","","0","0","Non-Indexable","noindex"
"https://zibdigital.com.au/how-we-delivered-a-record-season-for-an-adventure-tourism-brand/","0","","0","0","Indexable",""
"https://zibdigital.com.au/category/social-media/","0","","0","0","Non-Indexable","noindex"
"https://zibdigital.com.au/category/digital-marketing/","0","","0","0","Non-Indexable","noindex"
"https://zibdigital.com.au/category/seo/","0","","0","0","Non-Indexable","noindex"
"https://zibdigital.com.au/how_to_align_seo/","1","Great SEO brings visitors, but great UX converts them. Learn how aligning SEO and user experience improves engagement, lead quality and conversions.","148","937","Indexable",""
"https://zibdigital.com.au/google-ads-2025-roas/","1","ROAS stalled? Here’s what’s changed in Google Ads and how our digital marketing agency in Australia helps brands course-correct in 2025. Read more.","147","931","Indexable",""
"https://zibdigital.com.au/the-holidays-go-digital/","1","We break down some of Australia's best digital holiday campaign efforts in 2020 including Officeworks, Woolworths and Myer.","123","777","Indexable",""
"https://zibdigital.com.au/wasting-google-ad-budget/","1","Find out if you're in the ideal range for website bounce rates. We give important tips and tricks for getting a lower rate.","123","723","Indexable",""
"https://zibdigital.com.au/why-ppc-is-the-perfect-complement-to-your-seo-strategy/","1","SEO drives long-term traffic while PPC delivers instant results. Learn why combining both channels creates a stronger and more effective marketing strategy.","156","967","Indexable",""
"https://zibdigital.com.au/casestudy-category/social-media/","0","","0","0","Non-Indexable","noindex"
"https://zibdigital.com.au/casestudy-category/web-design/","0","","0","0","Non-Indexable","noindex"
"https://zibdigital.com.au/casestudy/twelve-board-store/","1","See how Twelve Board Store achieved 40x advertising ROAS and grew organic revenue by 500% with strategies from our digital marketing agency.","140","899","Indexable",""
"https://zibdigital.com.au/casestudy/ncc/","1","Discover how National Crime Check achieved 20x social ad ROAS and 1200% revenue growth with campaigns delivered by our digital marketing agency.","144","933","Indexable",""
"https://zibdigital.com.au/casestudy/wicked-sista/","1","Learn how Wicked Sista doubled eCommerce transactions and improved advertising ROAS with campaigns managed by our digital marketing agency.","139","923","Indexable",""
"https://zibdigital.com.au/casestudy-category/digital-marketing/","0","","0","0","Non-Indexable","noindex"
"https://zibdigital.com.au/casestudy/puma/","1","See how PUMA achieved 20x social advertising ROAS and increased website traffic with strategies from our digital marketing agency.","130","821","Indexable",""
"https://zibdigital.com.au/casestudy-category/seo-portfolio/","0","","0","0","Non-Indexable","noindex"
