"Address","Occurrences","Meta Keywords 1","Meta Keywords 1 Length","Indexability","Indexability Status"
"https://zibdigital.com.au/","0","","0","Indexable",""
"https://zibdigital.com.au/digital-marketing-agency-brisbane/","0","","0","Indexable",""
"https://zibdigital.com.au/seo-adelaide/","1","SEO Adelaide, SEO company Adelaide, search engine optimisation Adelaide, seo services Adelaide, seo agency Adelaide, Adelaide SEO experts, SEO, adelaide seo","156","Indexable",""
"https://zibdigital.com.au/seo-canberra/","0","","0","Indexable",""
"https://zibdigital.com.au/social-media-marketing-agency-melbourne/","0","","0","Indexable",""
"https://zibdigital.com.au/social-media-marketing-agency-adelaide/","0","","0","Indexable",""
"https://zibdigital.com.au/social-media-marketing-agency-sydney/","0","","0","Indexable",""
"https://zibdigital.com.au/casestudy/liberty-financial/","0","","0","Indexable",""
"https://zibdigital.com.au/meet-the-team/","0","","0","Indexable",""
"https://zibdigital.com.au/web-graphic-design-adelaide/","0","","0","Indexable",""
"https://zibdigital.com.au/digital-marketing-agency-melbourne/","0","","0","Indexable",""
"https://zibdigital.com.au/google-ads-management-agency-melbourne/","0","","0","Indexable",""
"https://zibdigital.com.au/seo-melbourne/","0","","0","Indexable",""
"https://zibdigital.com.au/get-in-touch/","0","","0","Indexable",""
"https://zibdigital.com.au/social-media-marketing-agency-canberra/","0","","0","Indexable",""
"https://zibdigital.com.au/social-media-marketing-agency-gold-coast/","0","","0","Indexable",""
"https://zibdigital.com.au/digital-marketing-adelaide/","0","","0","Indexable",""
"https://zibdigital.com.au/zib-partner-opportunity/","0","","0","Non-Indexable","noindex"
"https://zibdigital.com.au/privacy-policy/","0","","0","Non-Indexable","noindex"
"https://zibdigital.com.au/digital-marketing-agency-sydney/","0","","0","Indexable",""
"https://zibdigital.com.au/case-studies/","0","","0","Indexable",""
"https://zibdigital.com.au/google-ads/","0","","0","Indexable",""
"https://zibdigital.com.au/digital-marketing-agency-gold-coast/","0","","0","Indexable",""
"https://zibdigital.com.au/casestudy/port-melbourne-containers/","0","","0","Indexable",""
"https://zibdigital.com.au/social-media-marketing-agency-brisbane/","0","","0","Indexable",""
"https://zibdigital.com.au/blog/","0","","0","Indexable",""
"https://zibdigital.com.au/digital-marketing-geelong/","0","","0","Indexable",""
"https://zibdigital.com.au/contact-zibdigital/","0","","0","Indexable",""
"https://zibdigital.com.au/casestudy/procut/","0","","0","Indexable",""
"https://zibdigital.com.au/casestudy/assured-roofing/","0","","0","Indexable",""
"https://zibdigital.com.au/new-final-home-page/","0","","0","Indexable",""
"https://zibdigital.com.au/web-graphic-design-melbourne/","0","","0","Indexable",""
"https://zibdigital.com.au/seo-geelong/","0","","0","Indexable",""
"https://zibdigital.com.au/seo-agency/","0","","0","Indexable",""
"https://zibdigital.com.au/seo-sydney/","0","","0","Indexable",""
"https://zibdigital.com.au/casestudy/amazing-graze/","0","","0","Indexable",""
"https://zibdigital.com.au/seo-brisbane/","0","","0","Indexable",""
"https://zibdigital.com.au/digital-marketing-agency-canberra/","0","","0","Indexable",""
"https://zibdigital.com.au/seo-gold-coast/","0","","0","Indexable",""
"https://zibdigital.com.au/social-media-marketing/","0","","0","Indexable",""
"https://zibdigital.com.au/casestudy/the-fruit-box-group/","0","","0","Indexable",""
"https://zibdigital.com.au/starsha-green/","0","","0","Indexable",""
"https://zibdigital.com.au/team/matt-jackson/","0","","0","Indexable",""
"https://zibdigital.com.au/marty-tucker/","0","","0","Indexable",""
"https://zibdigital.com.au/daniel-harris/","0","","0","Indexable",""
"https://zibdigital.com.au/corrine-chalmers/","0","","0","Indexable",""
"https://zibdigital.com.au/dylan-jake/","0","","0","Indexable",""
"https://zibdigital.com.au/team/brandon-wood/","0","","0","Indexable",""
"https://zibdigital.com.au/category/paid-advertising/","0","","0","Non-Indexable","noindex"
"https://zibdigital.com.au/how-we-delivered-a-record-season-for-an-adventure-tourism-brand/","0","","0","Indexable",""
"https://zibdigital.com.au/category/social-media/","0","","0","Non-Indexable","noindex"
"https://zibdigital.com.au/category/digital-marketing/","0","","0","Non-Indexable","noindex"
"https://zibdigital.com.au/category/seo/","0","","0","Non-Indexable","noindex"
"https://zibdigital.com.au/how_to_align_seo/","0","","0","Indexable",""
"https://zibdigital.com.au/google-ads-2025-roas/","0","","0","Indexable",""
"https://zibdigital.com.au/the-holidays-go-digital/","0","","0","Indexable",""
"https://zibdigital.com.au/wasting-google-ad-budget/","0","","0","Indexable",""
"https://zibdigital.com.au/why-ppc-is-the-perfect-complement-to-your-seo-strategy/","0","","0","Indexable",""
"https://zibdigital.com.au/casestudy-category/social-media/","0","","0","Non-Indexable","noindex"
"https://zibdigital.com.au/casestudy-category/web-design/","0","","0","Non-Indexable","noindex"
"https://zibdigital.com.au/casestudy/twelve-board-store/","0","","0","Indexable",""
"https://zibdigital.com.au/casestudy/ncc/","0","","0","Indexable",""
"https://zibdigital.com.au/casestudy/wicked-sista/","0","","0","Indexable",""
"https://zibdigital.com.au/casestudy-category/digital-marketing/","0","","0","Non-Indexable","noindex"
"https://zibdigital.com.au/casestudy/puma/","0","","0","Indexable",""
"https://zibdigital.com.au/casestudy-category/seo-portfolio/","0","","0","Non-Indexable","noindex"
