"Address","Occurrences","Title 1","Title 1 Length","Title 1 Pixel Width","Indexability","Indexability Status"
"https://zibdigital.com.au/","1","Digital Marketing Agency Australia","34","307","Indexable",""
"https://zibdigital.com.au/blog/","1","Blog - Zib Digital - Australia's Leading Digital Marketing Agency","65","557","Indexable",""
"https://zibdigital.com.au/case-studies/","1","Case Studies - Zib Digital - Australia's Leading Digital Marketing Agency","73","635","Indexable",""
"https://zibdigital.com.au/casestudy-category/digital-marketing/","1","Digital marketing Archives - Zib Digital - Australia's Leading Digital Marketing Agency","87","753","Non-Indexable","noindex"
"https://zibdigital.com.au/casestudy-category/seo-portfolio/","1","SEO Archives - Zib Digital - Australia's Leading Digital Marketing Agency","73","637","Non-Indexable","noindex"
"https://zibdigital.com.au/casestudy-category/social-media/","1","Social media Archives - Zib Digital - Australia's Leading Digital Marketing Agency","82","715","Non-Indexable","noindex"
"https://zibdigital.com.au/casestudy-category/web-design/","1","Web design Archives - Zib Digital - Australia's Leading Digital Marketing Agency","80","704","Non-Indexable","noindex"
"https://zibdigital.com.au/casestudy/amazing-graze/","1","Amazing Graze Flowers Gains 600% Sales Growth | Zib Case Study","62","593","Indexable",""
"https://zibdigital.com.au/casestudy/assured-roofing/","1","Assured Roofing: 410% Organic Traffic Growth | Zib Case Study","61","560","Indexable",""
"https://zibdigital.com.au/casestudy/liberty-financial/","1","Liberty Financial: 80% Increase in Paid Leads | Zib Case Study","62","547","Indexable",""
"https://zibdigital.com.au/casestudy/ncc/","1","National Crime Check: 1200% Revenue Growth | Zib Case Study","59","563","Indexable",""
"https://zibdigital.com.au/casestudy/port-melbourne-containers/","1","Port Melbourne Containers hit 430% Inc Leads | Zib Digital Case Study","69","621","Indexable",""
"https://zibdigital.com.au/casestudy/procut/","1","Pro Cut Tree Services: 540% Website Traffic Growth | Zib Case Study","67","612","Indexable",""
"https://zibdigital.com.au/casestudy/puma/","1","PUMA: 20x Social Advertising ROAS | Zib Case Study","50","467","Indexable",""
"https://zibdigital.com.au/casestudy/the-fruit-box-group/","1","The Fruit Box Group: 250% Organic Traffic Growth | Zib Case Study","65","591","Indexable",""
"https://zibdigital.com.au/casestudy/twelve-board-store/","1","Twelve Board Store: 40x Advertising ROAS | Zib Case Study","57","526","Indexable",""
"https://zibdigital.com.au/casestudy/wicked-sista/","1","Wicked Sista: 2x eCommerce Transactions | Zib Case Study","56","530","Indexable",""
"https://zibdigital.com.au/category/digital-marketing/","1","Digital Marketing Archives - Zib Digital - Australia's Leading Digital Marketing Agency","87","752","Non-Indexable","noindex"
"https://zibdigital.com.au/category/paid-advertising/","1","Paid advertising Archives - Zib Digital - Australia's Leading Digital Marketing Agency","86","744","Non-Indexable","noindex"
"https://zibdigital.com.au/category/seo/","1","SEO Archives - Zib Digital - Australia's Leading Digital Marketing Agency","73","637","Non-Indexable","noindex"
"https://zibdigital.com.au/category/social-media/","1","Social media Archives - Zib Digital - Australia's Leading Digital Marketing Agency","82","715","Non-Indexable","noindex"
"https://zibdigital.com.au/contact-zibdigital/","1","Contact Zib Digital for SEO, Adwords & Social Media Services","60","541","Indexable",""
"https://zibdigital.com.au/corrine-chalmers/","1","Corrine Chalmers - Zib Digital - Australia's Leading Digital Marketing Agency","77","674","Indexable",""
"https://zibdigital.com.au/daniel-harris/","1","Daniel Harris - Zib Digital - Australia's Leading Digital Marketing Agency","74","633","Indexable",""
"https://zibdigital.com.au/digital-marketing-adelaide/","1","Digital Marketing Agency Adelaide","33","305","Indexable",""
"https://zibdigital.com.au/digital-marketing-agency-brisbane/","1","Digital Marketing Agency in Brisbane","36","326","Indexable",""
"https://zibdigital.com.au/digital-marketing-agency-canberra/","1","Digital Marketing Canberra | Full Service Digital Agency Canberra","65","576","Indexable",""
"https://zibdigital.com.au/digital-marketing-agency-gold-coast/","1","Digital Marketing Agency Gold Coast | Trusted Partner | Zib Digital","67","586","Indexable",""
"https://zibdigital.com.au/digital-marketing-agency-melbourne/","1","Digital Marketing Agency in Melbourne","37","343","Indexable",""
"https://zibdigital.com.au/digital-marketing-agency-sydney/","1","Digital Marketing Agency Sydney | Digital Marketing Sydney","58","525","Indexable",""
"https://zibdigital.com.au/digital-marketing-geelong/","1","Digital Marketing Agency Geelong | Result-Driven Strategies | Zib Digital","73","637","Indexable",""
"https://zibdigital.com.au/dylan-jake/","1","Dylan & Jake - Zib Digital - Australia's Leading Digital Marketing Agency","73","632","Indexable",""
"https://zibdigital.com.au/get-in-touch/","1","Get a Quote - Zib Digital","25","213","Indexable",""
"https://zibdigital.com.au/google-ads-2025-roas/","1","Google Ads in 2025: Why Your ROAS Plateaued (and What to Do About It)","69","649","Indexable",""
"https://zibdigital.com.au/google-ads-management-agency-melbourne/","1","Google Ads Agency Melbourne, PPC Management Agency Melbourne","60","614","Indexable",""
"https://zibdigital.com.au/google-ads/","1","Australian Google Ads Management Agency | PPC Marketing Agency","62","611","Indexable",""
"https://zibdigital.com.au/how-we-delivered-a-record-season-for-an-adventure-tourism-brand/","1","How we delivered a record season for an adventure tourism brand - Zib Digital - Australia's Leading Digital Marketing Agency","124","1105","Indexable",""
"https://zibdigital.com.au/how_to_align_seo/","1","From Clicks to Customers: How to Align SEO and UX for Better Lead Quality - Zib Digital - Australia's Leading Digital Marketing Agency","134","1189","Indexable",""
"https://zibdigital.com.au/marty-tucker/","1","Marty Tucker - Zib Digital - Australia's Leading Digital Marketing Agency","73","635","Indexable",""
"https://zibdigital.com.au/meet-the-team/","1","Meet the Zib Digital Team in Australia | Zib Digital","52","443","Indexable",""
"https://zibdigital.com.au/new-final-home-page/","1","Digital Marketing Agency Australia | Your Digital Partner","57","497","Indexable",""
"https://zibdigital.com.au/privacy-policy/","1","Privacy policy - Zib Digital - Australia's Leading Digital Marketing Agency","75","639","Non-Indexable","noindex"
"https://zibdigital.com.au/seo-adelaide/","1","SEO Adelaide – Trusted SEO Agency and Services","46","443","Indexable",""
"https://zibdigital.com.au/seo-agency/","1","Leading SEO Company Australia","29","287","Indexable",""
"https://zibdigital.com.au/seo-brisbane/","1","SEO Brisbane | Trusted SEO Company | SEO Services","49","468","Indexable",""
"https://zibdigital.com.au/seo-canberra/","1","SEO Canberra | Expert SEO Services | SEO Agency | Zib Digital","61","546","Indexable",""
"https://zibdigital.com.au/seo-geelong/","1","SEO Geelong | ROI Driven SEO Marketing Agency","45","431","Indexable",""
"https://zibdigital.com.au/seo-gold-coast/","1","SEO Gold Coast | Expert SEO Agency - Zib Digital","48","430","Indexable",""
"https://zibdigital.com.au/seo-melbourne/","1","SEO Melbourne: Data-Driven SEO Services | Zib Digital","53","480","Indexable",""
"https://zibdigital.com.au/seo-sydney/","1","SEO Sydney | Best SEO Agency | Expert SEO Services","50","467","Indexable",""
"https://zibdigital.com.au/social-media-marketing-agency-adelaide/","1","Social Media Marketing Adelaide | Social Media Agency Adelaide","62","574","Indexable",""
"https://zibdigital.com.au/social-media-marketing-agency-brisbane/","1","Social Media Marketing Brisbane | Social Media Agency Brisbane","62","574","Indexable",""
"https://zibdigital.com.au/social-media-marketing-agency-canberra/","1","Social Media Marketing Canberra | Social Media Agency Canberra","62","582","Indexable",""
"https://zibdigital.com.au/social-media-marketing-agency-gold-coast/","1","Social Media Marketing Gold Coast | Social Media Agency Gold Coast","66","614","Indexable",""
"https://zibdigital.com.au/social-media-marketing-agency-melbourne/","1","Social Media Agency Melbourne | Social Media Marketing Melbourne","64","608","Indexable",""
"https://zibdigital.com.au/social-media-marketing-agency-sydney/","1","Social Media Marketing Agency Sydney | Zib Digital","50","452","Indexable",""
"https://zibdigital.com.au/social-media-marketing/","1","Social Media Marketing Agency | Social Media Advertising Australia","66","599","Indexable",""
"https://zibdigital.com.au/starsha-green/","1","Starsha Green - Zib Digital - Australia's Leading Digital Marketing Agency","74","646","Indexable",""
"https://zibdigital.com.au/team/brandon-wood/","1","Brandon Wood - Zib Digital | Digital Marketing & SEO Blackburn, VIC","67","595","Indexable",""
"https://zibdigital.com.au/team/matt-jackson/","1","Matthew Jackson - Zib Digital - Australia's Leading Digital Marketing Agency","76","676","Indexable",""
"https://zibdigital.com.au/the-holidays-go-digital/","1","The Holidays Go Digital - Zib Digital - Australia's Leading Digital Marketing Agency","84","725","Indexable",""
"https://zibdigital.com.au/wasting-google-ad-budget/","1","Signs You’re Wasting Your Google Ad Budget - Zib Digital - Australia's Leading Digital Marketing Agency","103","917","Indexable",""
"https://zibdigital.com.au/web-graphic-design-adelaide/","1","Web Design Adelaide | Website Graphic Design Adelaide","53","500","Indexable",""
"https://zibdigital.com.au/web-graphic-design-melbourne/","1","Web Design Melbourne | Graphic Website Design Melbourne","55","534","Indexable",""
"https://zibdigital.com.au/why-ppc-is-the-perfect-complement-to-your-seo-strategy/","1","Why PPC Is the Perfect Complement to Your SEO Strategy - Zib Digital - Australia's Leading Digital Marketing Agency","115","1037","Indexable",""
"https://zibdigital.com.au/zib-partner-opportunity/","1","Zib Partner Opportunity - Zib Digital - Australia's Leading Digital Marketing Agency","84","727","Non-Indexable","noindex"
