"Address","Content Type","Status Code","Status","Indexability","Indexability Status","Hash","Length","Canonical Link Element 1","URL Encoded Address"
"https://zibdigital.com.au/","text/html; charset=UTF-8","200","OK","Indexable","","ac8f2d56bbbc1360abdbdafe866aad2f","26","https://zibdigital.com.au/","https://zibdigital.com.au/"
"https://zibdigital.com.au/wp-content/uploads/2022/11/sandy.png","image/png","200","OK","Indexable","","","62","","https://zibdigital.com.au/wp-content/uploads/2022/11/sandy.png"
"https://zibdigital.com.au/wp-content/uploads/2022/08/studies_PMC.png","image/png","200","OK","Indexable","","","68","","https://zibdigital.com.au/wp-content/uploads/2022/08/studies_PMC.png"
"https://zibdigital.com.au/wp-content/themes/studio45/resources/assets/styles/bootstrap.min.css","text/css","200","OK","Indexable","","","94","","https://zibdigital.com.au/wp-content/themes/studio45/resources/assets/styles/bootstrap.min.css"
"https://zibdigital.com.au/wp-content/uploads/2023/08/Google-Ads_YouTube.mp4","video/mp4","200","OK","Indexable","","","75","","https://zibdigital.com.au/wp-content/uploads/2023/08/Google-Ads_YouTube.mp4"
"https://zibdigital.com.au/wp-content/uploads/2023/01/facebook.png","image/png","200","OK","Indexable","","","65","","https://zibdigital.com.au/wp-content/uploads/2023/01/facebook.png"
"https://zibdigital.com.au/wp-content/themes/studio45/resources/assets/scripts/jquery-migrate-3.0.0.min.js?ver=3.0.0","application/javascript","200","OK","Indexable","","","115","","https://zibdigital.com.au/wp-content/themes/studio45/resources/assets/scripts/jquery-migrate-3.0.0.min.js?ver=3.0.0"
"https://zibdigital.com.au/digital-marketing-agency-brisbane/","text/html; charset=UTF-8","200","OK","Indexable","","d09ce7abafc1f2ef7d0e22c268f00781","60","https://zibdigital.com.au/digital-marketing-agency-brisbane/","https://zibdigital.com.au/digital-marketing-agency-brisbane/"
"https://zibdigital.com.au/seo-adelaide/","text/html; charset=UTF-8","200","OK","Indexable","","40fb31126a85b9ea73a7ec5ade96d08e","39","https://zibdigital.com.au/seo-adelaide/","https://zibdigital.com.au/seo-adelaide/"
"https://zibdigital.com.au/wp-content/plugins/js_composer/assets/lib/vc_accordion/vc-accordion.min.js?ver=6.9.0","application/javascript","200","OK","Indexable","","","110","","https://zibdigital.com.au/wp-content/plugins/js_composer/assets/lib/vc_accordion/vc-accordion.min.js?ver=6.9.0"
"https://zibdigital.com.au/wp-content/uploads/2023/01/trustpilot.png","image/png","200","OK","Indexable","","","67","","https://zibdigital.com.au/wp-content/uploads/2023/01/trustpilot.png"
"https://zibdigital.com.au/seo-canberra/","text/html; charset=UTF-8","200","OK","Indexable","","37e648a68be0da70f20d5c0dc9abda2e","39","https://zibdigital.com.au/seo-canberra/","https://zibdigital.com.au/seo-canberra/"
"https://zibdigital.com.au/wp-content/uploads/2023/01/linkedin.png","image/png","200","OK","Indexable","","","65","","https://zibdigital.com.au/wp-content/uploads/2023/01/linkedin.png"
"https://zibdigital.com.au/wp-content/plugins/login-sidebar-widget/css/style_login_widget.css?ver=7.0","text/css","200","OK","Indexable","","","100","","https://zibdigital.com.au/wp-content/plugins/login-sidebar-widget/css/style_login_widget.css?ver=7.0"
"https://zibdigital.com.au/wp-includes/js/hoverIntent.min.js?ver=1.10.2","application/javascript","200","OK","Indexable","","","70","","https://zibdigital.com.au/wp-includes/js/hoverIntent.min.js?ver=1.10.2"
"https://zibdigital.com.au/wp-content/plugins/date-time-picker-for-contact-form-7/assets/js/datetimepicker.js?ver=1.0.0","application/javascript","200","OK","Indexable","","","118","","https://zibdigital.com.au/wp-content/plugins/date-time-picker-for-contact-form-7/assets/js/datetimepicker.js?ver=1.0.0"
"https://zibdigital.com.au/wp-includes/js/dist/i18n.min.js?ver=781d11515ad3d91786ec","application/javascript","200","OK","Indexable","","","82","","https://zibdigital.com.au/wp-includes/js/dist/i18n.min.js?ver=781d11515ad3d91786ec"
"https://zibdigital.com.au/wp-content/uploads/2022/12/Group-17.png","image/png","200","OK","Indexable","","","65","","https://zibdigital.com.au/wp-content/uploads/2022/12/Group-17.png"
"https://zibdigital.com.au/wp-content/uploads/2022/08/Amazing-Graze.png","image/png","200","OK","Indexable","","","70","","https://zibdigital.com.au/wp-content/uploads/2022/08/Amazing-Graze.png"
"https://zibdigital.com.au/wp-content/uploads/2022/08/harcourts-1.png","image/png","200","OK","Indexable","","","68","","https://zibdigital.com.au/wp-content/uploads/2022/08/harcourts-1.png"
"https://zibdigital.com.au/wp-content/uploads/2022/12/espressocompanyaustralia-b13.jpg","image/jpeg","200","OK","Indexable","","","85","","https://zibdigital.com.au/wp-content/uploads/2022/12/espressocompanyaustralia-b13.jpg"
"https://zibdigital.com.au/wp-content/uploads/2022/11/mining.png","image/png","200","OK","Indexable","","","63","","https://zibdigital.com.au/wp-content/uploads/2022/11/mining.png"
"https://zibdigital.com.au/wp-content/uploads/2022/11/Mask-Group-21-1.png","image/png","200","OK","Indexable","","","72","","https://zibdigital.com.au/wp-content/uploads/2022/11/Mask-Group-21-1.png"
"https://zibdigital.com.au/wp-includes/js/dist/hooks.min.js?ver=7496969728ca0f95732d","application/javascript","200","OK","Indexable","","","83","","https://zibdigital.com.au/wp-includes/js/dist/hooks.min.js?ver=7496969728ca0f95732d"
"https://zibdigital.com.au/wp-content/uploads/2023/11/mbp.png","image/png","200","OK","Indexable","","","60","","https://zibdigital.com.au/wp-content/uploads/2023/11/mbp.png"
"https://zibdigital.com.au/wp-content/uploads/2022/12/classicproperty-b16.jpg","image/jpeg","200","OK","Indexable","","","76","","https://zibdigital.com.au/wp-content/uploads/2022/12/classicproperty-b16.jpg"
"https://zibdigital.com.au/wp-content/uploads/2022/09/Social-Media.jpg","image/jpeg","200","OK","Indexable","","","69","","https://zibdigital.com.au/wp-content/uploads/2022/09/Social-Media.jpg"
"https://zibdigital.com.au/wp-content/uploads/2023/01/hubspot.png","image/png","200","OK","Indexable","","","64","","https://zibdigital.com.au/wp-content/uploads/2023/01/hubspot.png"
"https://zibdigital.com.au/wp-content/uploads/2022/12/mgroup-t10.jpg","image/jpeg","200","OK","Indexable","","","67","","https://zibdigital.com.au/wp-content/uploads/2022/12/mgroup-t10.jpg"
"https://zibdigital.com.au/wp-content/uploads/2022/12/puma-t4.jpg","image/jpeg","200","OK","Indexable","","","64","","https://zibdigital.com.au/wp-content/uploads/2022/12/puma-t4.jpg"
"https://zibdigital.com.au/your-style.css?v=2","text/html; charset=UTF-8","302","Found","Non-Indexable","Redirected","","44","","https://zibdigital.com.au/your-style.css?v=2"
"https://zibdigital.com.au/social-media-marketing-agency-melbourne/","text/html; charset=UTF-8","200","OK","Indexable","","9dc63594b9a35de36e0c2f2c8bb75456","66","https://zibdigital.com.au/social-media-marketing-agency-melbourne/","https://zibdigital.com.au/social-media-marketing-agency-melbourne/"
"https://zibdigital.com.au/wp-includes/js/mediaelement/mediaelement-and-player.min.js?ver=4.2.17","application/javascript","200","OK","Indexable","","","95","","https://zibdigital.com.au/wp-includes/js/mediaelement/mediaelement-and-player.min.js?ver=4.2.17"
"https://zibdigital.com.au/social-media-marketing-agency-adelaide/","text/html; charset=UTF-8","200","OK","Indexable","","70d97554e14283090d886883f1d72dbf","65","https://zibdigital.com.au/social-media-marketing-agency-adelaide/","https://zibdigital.com.au/social-media-marketing-agency-adelaide/"
"https://zibdigital.com.au/wp-content/uploads/2022/12/morphyrichards-b12.jpg","image/jpeg","200","OK","Indexable","","","75","","https://zibdigital.com.au/wp-content/uploads/2022/12/morphyrichards-b12.jpg"
"https://zibdigital.com.au/social-media-marketing-agency-sydney/","text/html; charset=UTF-8","200","OK","Indexable","","7b88a7df23fe4007a9e3377af7d12965","63","https://zibdigital.com.au/social-media-marketing-agency-sydney/","https://zibdigital.com.au/social-media-marketing-agency-sydney/"
"https://zibdigital.com.au/casestudy/liberty-financial/","text/html; charset=UTF-8","200","OK","Indexable","","8bc12c2e98c043552184775a14a64624","54","https://zibdigital.com.au/casestudy/liberty-financial/","https://zibdigital.com.au/casestudy/liberty-financial/"
"https://zibdigital.com.au/wp-content/plugins/date-time-picker-for-contact-form-7/assets/css/jquery.datetimepicker.min.css?ver=1.0.0","text/css","200","OK","Indexable","","","131","","https://zibdigital.com.au/wp-content/plugins/date-time-picker-for-contact-form-7/assets/css/jquery.datetimepicker.min.css?ver=1.0.0"
"https://zibdigital.com.au/wp-content/plugins/widget-google-reviews/assets/6.9.6/css/public-main.css","text/css","200","OK","Indexable","","","99","","https://zibdigital.com.au/wp-content/plugins/widget-google-reviews/assets/6.9.6/css/public-main.css"
"https://zibdigital.com.au/meet-the-team/","text/html; charset=UTF-8","200","OK","Indexable","","bbb333848e78ff322e16f293181166db","40","https://zibdigital.com.au/meet-the-team/","https://zibdigital.com.au/meet-the-team/"
"https://zibdigital.com.au/wp-content/uploads/2022/11/Path-170.png","image/png","200","OK","Indexable","","","65","","https://zibdigital.com.au/wp-content/uploads/2022/11/Path-170.png"
"https://zibdigital.com.au/wp-content/uploads/2022/12/fruitbox-b1.jpg","image/jpeg","200","OK","Indexable","","","68","","https://zibdigital.com.au/wp-content/uploads/2022/12/fruitbox-b1.jpg"
"https://zibdigital.com.au/web-graphic-design-adelaide/","text/html; charset=UTF-8","200","OK","Indexable","","15fab7d3469054ae3dea2cd04a94408","54","https://zibdigital.com.au/web-graphic-design-adelaide/","https://zibdigital.com.au/web-graphic-design-adelaide/"
"https://zibdigital.com.au/wp-content/uploads/2022/11/client.png","image/png","200","OK","Indexable","","","63","","https://zibdigital.com.au/wp-content/uploads/2022/11/client.png"
"https://zibdigital.com.au/wp-content/uploads/2022/11/Stat-phone.png","image/png","200","OK","Indexable","","","67","","https://zibdigital.com.au/wp-content/uploads/2022/11/Stat-phone.png"
"https://zibdigital.com.au/wp-content/uploads/2022/11/Mask-Group-18-1.png","image/png","200","OK","Indexable","","","72","","https://zibdigital.com.au/wp-content/uploads/2022/11/Mask-Group-18-1.png"
"https://zibdigital.com.au/wp-content/plugins/popup-maker/dist/assets/site.js?defer&ver=1.22.0","application/javascript","200","OK","Indexable","","","93","","https://zibdigital.com.au/wp-content/plugins/popup-maker/dist/assets/site.js?defer&ver=1.22.0"
"https://zibdigital.com.au/wp-content/uploads/2022/12/netballaustralia-b15.jpg","image/jpeg","200","OK","Indexable","","","77","","https://zibdigital.com.au/wp-content/uploads/2022/12/netballaustralia-b15.jpg"
"https://zibdigital.com.au/wp-includes/js/jquery/ui/core.min.js?ver=1.13.3","application/javascript","200","OK","Indexable","","","73","","https://zibdigital.com.au/wp-includes/js/jquery/ui/core.min.js?ver=1.13.3"
"https://zibdigital.com.au/wp-content/plugins/hubspot-wp-plugin/public/js/hubspot-wp-plugin-public.js?ver=1.0.0","application/javascript","200","OK","Indexable","","","110","","https://zibdigital.com.au/wp-content/plugins/hubspot-wp-plugin/public/js/hubspot-wp-plugin-public.js?ver=1.0.0"
"https://zibdigital.com.au/wp-content/plugins/mobile-menu/includes/css/mobmenu.css?ver=2.8.8","text/css","200","OK","Indexable","","","91","","https://zibdigital.com.au/wp-content/plugins/mobile-menu/includes/css/mobmenu.css?ver=2.8.8"
"https://zibdigital.com.au/wp-content/uploads/dynamic-mobmenu.css?ver=2.8.8-645","text/css","200","OK","Indexable","","","78","","https://zibdigital.com.au/wp-content/uploads/dynamic-mobmenu.css?ver=2.8.8-645"
"https://zibdigital.com.au/wp-content/uploads/2023/01/woocommerce.png","image/png","200","OK","Indexable","","","68","","https://zibdigital.com.au/wp-content/uploads/2023/01/woocommerce.png"
"https://zibdigital.com.au/wp-content/themes/studio45/resources/assets/scripts/jquery.nicescroll.min.js","application/javascript","200","OK","Indexable","","","102","","https://zibdigital.com.au/wp-content/themes/studio45/resources/assets/scripts/jquery.nicescroll.min.js"
"https://zibdigital.com.au/digital-marketing-agency-melbourne/","text/html; charset=UTF-8","200","OK","Indexable","","3573ccc630106a5d28f3b9f0bd63f875","61","https://zibdigital.com.au/digital-marketing-agency-melbourne/","https://zibdigital.com.au/digital-marketing-agency-melbourne/"
"https://zibdigital.com.au/google-ads-management-agency-melbourne/","text/html; charset=UTF-8","200","OK","Indexable","","4f8bc606eb81428e42ec11b2ad852b00","65","https://zibdigital.com.au/google-ads-management-agency-melbourne/","https://zibdigital.com.au/google-ads-management-agency-melbourne/"
"https://zibdigital.com.au/wp-content/themes/studio45/resources/assets/styles/font-awesome.min.css","text/css","200","OK","Indexable","","","97","","https://zibdigital.com.au/wp-content/themes/studio45/resources/assets/styles/font-awesome.min.css"
"https://zibdigital.com.au/wp-content/plugins/login-sidebar-widget/js/additional-methods.js?ver=7.0","application/javascript","200","OK","Indexable","","","98","","https://zibdigital.com.au/wp-content/plugins/login-sidebar-widget/js/additional-methods.js?ver=7.0"
"https://zibdigital.com.au/seo-melbourne/","text/html; charset=UTF-8","200","OK","Indexable","","c3968b422d26016ddaee21e49337ca45","40","https://zibdigital.com.au/seo-melbourne/","https://zibdigital.com.au/seo-melbourne/"
"https://zibdigital.com.au/wp-content/uploads/2022/11/Image-5.png","image/png","200","OK","Indexable","","","64","","https://zibdigital.com.au/wp-content/uploads/2022/11/Image-5.png"
"https://zibdigital.com.au/get-in-touch/","text/html; charset=UTF-8","200","OK","Indexable","","63c625d9fb8d6203ea8b7332e4401472","39","https://zibdigital.com.au/get-in-touch/","https://zibdigital.com.au/get-in-touch/"
"https://zibdigital.com.au/social-media-marketing-agency-canberra/","text/html; charset=UTF-8","200","OK","Indexable","","39da838e00b7b09d6a04857b745dfddf","65","https://zibdigital.com.au/social-media-marketing-agency-canberra/","https://zibdigital.com.au/social-media-marketing-agency-canberra/"
"https://zibdigital.com.au/wp-content/uploads/2022/12/inglewood-t8.jpg","image/jpeg","200","OK","Indexable","","","69","","https://zibdigital.com.au/wp-content/uploads/2022/12/inglewood-t8.jpg"
"https://zibdigital.com.au/wp-content/uploads/2022/12/blackleopard-t7.jpg","image/jpeg","200","OK","Indexable","","","72","","https://zibdigital.com.au/wp-content/uploads/2022/12/blackleopard-t7.jpg"
"https://zibdigital.com.au/wp-content/uploads/2022/12/eric-t3.jpg","image/jpeg","200","OK","Indexable","","","64","","https://zibdigital.com.au/wp-content/uploads/2022/12/eric-t3.jpg"
"https://zibdigital.com.au/wp-content/uploads/2022/11/Mask-Group-21-2.png","image/png","200","OK","Indexable","","","72","","https://zibdigital.com.au/wp-content/uploads/2022/11/Mask-Group-21-2.png"
"https://zibdigital.com.au/wp-content/plugins/login-sidebar-widget/js/jquery.validate.min.js?ver=7.0","application/javascript","200","OK","Indexable","","","99","","https://zibdigital.com.au/wp-content/plugins/login-sidebar-widget/js/jquery.validate.min.js?ver=7.0"
"https://zibdigital.com.au/wp-content/uploads/2022/12/twelveboardstore-b10.jpg","image/jpeg","200","OK","Indexable","","","77","","https://zibdigital.com.au/wp-content/uploads/2022/12/twelveboardstore-b10.jpg"
"https://zibdigital.com.au/social-media-marketing-agency-gold-coast/","text/html; charset=UTF-8","200","OK","Indexable","","1cfe6a9caa12e29558aec4e1d1b06d1c","67","https://zibdigital.com.au/social-media-marketing-agency-gold-coast/","https://zibdigital.com.au/social-media-marketing-agency-gold-coast/"
"https://zibdigital.com.au/wp-content/uploads/2022/12/lonsdalelinks-t12.jpg","image/jpeg","200","OK","Indexable","","","74","","https://zibdigital.com.au/wp-content/uploads/2022/12/lonsdalelinks-t12.jpg"
"https://zibdigital.com.au/wp-content/uploads/2022/08/Assured-Roofing.png","image/png","200","OK","Indexable","","","72","","https://zibdigital.com.au/wp-content/uploads/2022/08/Assured-Roofing.png"
"https://zibdigital.com.au/digital-marketing-adelaide/","text/html; charset=UTF-8","200","OK","Indexable","","989e24042e85a8ba691c2dd6f1616ed2","53","https://zibdigital.com.au/digital-marketing-adelaide/","https://zibdigital.com.au/digital-marketing-adelaide/"
"https://zibdigital.com.au/wp-content/uploads/2022/12/prahranhotel-t11.jpg","image/jpeg","200","OK","Indexable","","","73","","https://zibdigital.com.au/wp-content/uploads/2022/12/prahranhotel-t11.jpg"
"https://zibdigital.com.au/wp-content/uploads/2022/12/wickedsista-b8.jpg","image/jpeg","200","OK","Indexable","","","71","","https://zibdigital.com.au/wp-content/uploads/2022/12/wickedsista-b8.jpg"
"https://zibdigital.com.au/wp-content/uploads/2020/10/down-arrow.png","image/png","200","OK","Indexable","","","67","","https://zibdigital.com.au/wp-content/uploads/2020/10/down-arrow.png"
"https://zibdigital.com.au/zib-partner-opportunity/","text/html; charset=UTF-8","200","OK","Non-Indexable","noindex","386d2859c28b99b48d7c16b9e25430c","50","https://zibdigital.com.au/zib-partner-opportunity/","https://zibdigital.com.au/zib-partner-opportunity/"
"https://zibdigital.com.au/privacy-policy/","text/html; charset=UTF-8","200","OK","Non-Indexable","noindex","d137c2111e01f1f584b015c878f11df6","41","https://zibdigital.com.au/privacy-policy/","https://zibdigital.com.au/privacy-policy/"
"https://zibdigital.com.au/wp-content/themes/studio45/resources/assets/styles/slick.css","text/css","200","OK","Indexable","","","86","","https://zibdigital.com.au/wp-content/themes/studio45/resources/assets/styles/slick.css"
"https://zibdigital.com.au/wp-content/uploads/2022/12/darche-b14.jpg","image/jpeg","200","OK","Indexable","","","67","","https://zibdigital.com.au/wp-content/uploads/2022/12/darche-b14.jpg"
"https://zibdigital.com.au/wp-content/uploads/2022/12/trakracer-t17.jpg","image/jpeg","200","OK","Indexable","","","70","","https://zibdigital.com.au/wp-content/uploads/2022/12/trakracer-t17.jpg"
"https://zibdigital.com.au/digital-marketing-agency-sydney/","text/html; charset=UTF-8","200","OK","Indexable","","b229767349946169b71ad3ed3ec21148","58","https://zibdigital.com.au/digital-marketing-agency-sydney/","https://zibdigital.com.au/digital-marketing-agency-sydney/"
"https://zibdigital.com.au/wp-content/plugins/revslider/public/assets/js/rs6.min.js?ver=6.1.5","application/javascript","200","OK","Indexable","","","92","","https://zibdigital.com.au/wp-content/plugins/revslider/public/assets/js/rs6.min.js?ver=6.1.5"
"https://zibdigital.com.au/wp-content/uploads/2022/08/Zib-homepage_Stat.png","image/png","200","OK","Indexable","","","74","","https://zibdigital.com.au/wp-content/uploads/2022/08/Zib-homepage_Stat.png"
"https://zibdigital.com.au/case-studies/","text/html; charset=UTF-8","200","OK","Indexable","","b7d36b460479fe1136789af9715a14d","39","https://zibdigital.com.au/case-studies/","https://zibdigital.com.au/case-studies/"
"https://zibdigital.com.au/wp-content/uploads/2022/11/specialist.png","image/png","200","OK","Indexable","","","67","","https://zibdigital.com.au/wp-content/uploads/2022/11/specialist.png"
"https://zibdigital.com.au/wp-content/uploads/2022/02/ZibDigital_WhitePaper_2022-1.pdf","application/pdf","200","OK","Indexable","","","85","","https://zibdigital.com.au/wp-content/uploads/2022/02/ZibDigital_WhitePaper_2022-1.pdf"
"https://zibdigital.com.au/wp-content/uploads/2023/01/shopify.png","image/png","200","OK","Indexable","","","64","","https://zibdigital.com.au/wp-content/uploads/2023/01/shopify.png"
"https://zibdigital.com.au/wp-content/themes/studio45/resources/assets/scripts/responsive-menus.min.js","application/javascript","200","OK","Indexable","","","101","","https://zibdigital.com.au/wp-content/themes/studio45/resources/assets/scripts/responsive-menus.min.js"
"https://zibdigital.com.au/wp-content/uploads/2022/12/bridge-b7.jpg","image/jpeg","200","OK","Indexable","","","66","","https://zibdigital.com.au/wp-content/uploads/2022/12/bridge-b7.jpg"
"https://zibdigital.com.au/wp-content/uploads/2022/12/gardenstate-b4.jpg","image/jpeg","200","OK","Indexable","","","71","","https://zibdigital.com.au/wp-content/uploads/2022/12/gardenstate-b4.jpg"
"https://zibdigital.com.au/google-ads/","text/html; charset=UTF-8","200","OK","Indexable","","4958c54606cf16d5a5db1c0e672e6911","37","https://zibdigital.com.au/google-ads/","https://zibdigital.com.au/google-ads/"
"https://zibdigital.com.au/wp-content/plugins/pixelyoursite/dist/scripts/jquery.bind-first-0.2.3.min.js?ver=0.2.3","application/javascript","200","OK","Indexable","","","112","","https://zibdigital.com.au/wp-content/plugins/pixelyoursite/dist/scripts/jquery.bind-first-0.2.3.min.js?ver=0.2.3"
"https://zibdigital.com.au/wp-includes/js/jquery/jquery.min.js?ver=3.7.1","application/javascript","200","OK","Indexable","","","71","","https://zibdigital.com.au/wp-includes/js/jquery/jquery.min.js?ver=3.7.1"
"https://zibdigital.com.au/wp-content/uploads/2023/01/meta.png","image/png","200","OK","Indexable","","","61","","https://zibdigital.com.au/wp-content/uploads/2023/01/meta.png"
"https://zibdigital.com.au/wp-content/uploads/2022/12/drnc-t15.jpg","image/jpeg","200","OK","Indexable","","","65","","https://zibdigital.com.au/wp-content/uploads/2022/12/drnc-t15.jpg"
"https://zibdigital.com.au/wp-content/uploads/2022/12/euromaid-t13.jpg","image/jpeg","200","OK","Indexable","","","69","","https://zibdigital.com.au/wp-content/uploads/2022/12/euromaid-t13.jpg"
"https://zibdigital.com.au/wp-content/uploads/2022/09/Effective-SEO.jpg","image/jpeg","200","OK","Indexable","","","70","","https://zibdigital.com.au/wp-content/uploads/2022/09/Effective-SEO.jpg"
"https://zibdigital.com.au/wp-content/themes/studio45/resources/assets/styles/team-landing-page.css?ver=7.0","text/css","200","OK","Indexable","","","106","","https://zibdigital.com.au/wp-content/themes/studio45/resources/assets/styles/team-landing-page.css?ver=7.0"
"https://zibdigital.com.au/wp-content/plugins/popup-maker/dist/assets/site.css?ver=1.22.0","text/css","200","OK","Indexable","","","88","","https://zibdigital.com.au/wp-content/plugins/popup-maker/dist/assets/site.css?ver=1.22.0"
"https://zibdigital.com.au/wp-includes/js/mediaelement/wp-mediaelement.min.js?ver=7.0","application/javascript","200","OK","Indexable","","","84","","https://zibdigital.com.au/wp-includes/js/mediaelement/wp-mediaelement.min.js?ver=7.0"
"https://zibdigital.com.au/wp-content/uploads/2023/01/klaviyo.png","image/png","200","OK","Indexable","","","64","","https://zibdigital.com.au/wp-content/uploads/2023/01/klaviyo.png"
"https://zibdigital.com.au/wp-content/plugins/widget-google-reviews/assets/6.9.6/js/public-main.js","application/javascript","200","OK","Indexable","","","97","","https://zibdigital.com.au/wp-content/plugins/widget-google-reviews/assets/6.9.6/js/public-main.js"
"https://zibdigital.com.au/digital-marketing-agency-gold-coast/","text/html; charset=UTF-8","200","OK","Indexable","","a10ba5115167b57e86f3798a9f3ea381","62","https://zibdigital.com.au/digital-marketing-agency-gold-coast/","https://zibdigital.com.au/digital-marketing-agency-gold-coast/"
"https://zibdigital.com.au/casestudy/port-melbourne-containers/","text/html; charset=UTF-8","200","OK","Indexable","","e482f1d28a22a7c845f3640d541853f6","62","https://zibdigital.com.au/casestudy/port-melbourne-containers/","https://zibdigital.com.au/casestudy/port-melbourne-containers/"
"https://zibdigital.com.au/wp-content/themes/studio45/resources/assets/scripts/jquery-3.2.1.min.js?ver=3.2.1","application/javascript","200","OK","Indexable","","","107","","https://zibdigital.com.au/wp-content/themes/studio45/resources/assets/scripts/jquery-3.2.1.min.js?ver=3.2.1"
"https://zibdigital.com.au/wp-content/uploads/2022/11/Countries.png","image/png","200","OK","Indexable","","","66","","https://zibdigital.com.au/wp-content/uploads/2022/11/Countries.png"
"https://zibdigital.com.au/social-media-marketing-agency-brisbane/","text/html; charset=UTF-8","200","OK","Indexable","","5273cdc1d25c561147384c34bce31ac2","65","https://zibdigital.com.au/social-media-marketing-agency-brisbane/","https://zibdigital.com.au/social-media-marketing-agency-brisbane/"
"https://zibdigital.com.au/wp-content/uploads/2022/12/citykia-t9.jpg","image/jpeg","200","OK","Indexable","","","67","","https://zibdigital.com.au/wp-content/uploads/2022/12/citykia-t9.jpg"
"https://zibdigital.com.au/wp-content/uploads/2022/12/harcourts-b5.jpg","image/jpeg","200","OK","Indexable","","","69","","https://zibdigital.com.au/wp-content/uploads/2022/12/harcourts-b5.jpg"
"https://zibdigital.com.au/blog/","text/html; charset=UTF-8","200","OK","Indexable","","78bdc3cddb0d66d3c006dcb6b4ac4088","31","https://zibdigital.com.au/blog/","https://zibdigital.com.au/blog/"
"https://zibdigital.com.au/wp-content/uploads/2022/11/Group-117.png","image/png","200","OK","Indexable","","","66","","https://zibdigital.com.au/wp-content/uploads/2022/11/Group-117.png"
"https://zibdigital.com.au/wp-content/uploads/2022/09/Digital-Strategy.jpg","image/jpeg","200","OK","Indexable","","","73","","https://zibdigital.com.au/wp-content/uploads/2022/09/Digital-Strategy.jpg"
"https://zibdigital.com.au/wp-content/themes/studio45/resources/assets/scripts/global.js","application/javascript","200","OK","Indexable","","","87","","https://zibdigital.com.au/wp-content/themes/studio45/resources/assets/scripts/global.js"
"https://zibdigital.com.au/wp-content/plugins/hubspot-wp-plugin/public/css/hubspot-wp-plugin-public.css?ver=1.0.0","text/css","200","OK","Indexable","","","112","","https://zibdigital.com.au/wp-content/plugins/hubspot-wp-plugin/public/css/hubspot-wp-plugin-public.css?ver=1.0.0"
"https://zibdigital.com.au/digital-marketing-geelong/","text/html; charset=UTF-8","200","OK","Indexable","","a19970e204115356f9a8d4031ddab89a","52","https://zibdigital.com.au/digital-marketing-geelong/","https://zibdigital.com.au/digital-marketing-geelong/"
"https://zibdigital.com.au/wp-content/uploads/2022/11/Mask-Group-21.png","image/png","200","OK","Indexable","","","70","","https://zibdigital.com.au/wp-content/uploads/2022/11/Mask-Group-21.png"
"https://zibdigital.com.au/wp-content/uploads/2022/12/haileybury-b6.jpg","image/jpeg","200","OK","Indexable","","","70","","https://zibdigital.com.au/wp-content/uploads/2022/12/haileybury-b6.jpg"
"https://zibdigital.com.au/wp-content/uploads/2022/11/email-marketing.png","image/png","200","OK","Indexable","","","72","","https://zibdigital.com.au/wp-content/uploads/2022/11/email-marketing.png"
"https://zibdigital.com.au/wp-content/plugins/visucom-smart-sections/assets/js/scripts.js?ver=1","application/javascript","200","OK","Indexable","","","94","","https://zibdigital.com.au/wp-content/plugins/visucom-smart-sections/assets/js/scripts.js?ver=1"
"https://zibdigital.com.au/contact-zibdigital/","text/html; charset=UTF-8","200","OK","Indexable","","2a619395109041e4a607c8484e41cd28","45","https://zibdigital.com.au/contact-zibdigital/","https://zibdigital.com.au/contact-zibdigital/"
"https://zibdigital.com.au/wp-content/plugins/metronet-profile-picture/dist/blocks.style.build.css?ver=2.6.3","text/css","200","OK","Indexable","","","107","","https://zibdigital.com.au/wp-content/plugins/metronet-profile-picture/dist/blocks.style.build.css?ver=2.6.3"
"https://zibdigital.com.au/wp-content/plugins/visucom-smart-sections/assets/css/style.css?ver=1.0.1","text/css","200","OK","Indexable","","","98","","https://zibdigital.com.au/wp-content/plugins/visucom-smart-sections/assets/css/style.css?ver=1.0.1"
"https://zibdigital.com.au/wp-content/plugins/revslider/public/assets/js/revolution.tools.min.js?ver=6.0","application/javascript","200","OK","Indexable","","","103","","https://zibdigital.com.au/wp-content/plugins/revslider/public/assets/js/revolution.tools.min.js?ver=6.0"
"https://zibdigital.com.au/wp-content/uploads/2022/11/ux-zib.png","image/png","200","OK","Indexable","","","63","","https://zibdigital.com.au/wp-content/uploads/2022/11/ux-zib.png"
"https://zibdigital.com.au/wp-content/uploads/2022/12/standrews-t16.jpg","image/jpeg","200","OK","Indexable","","","70","","https://zibdigital.com.au/wp-content/uploads/2022/12/standrews-t16.jpg"
"https://zibdigital.com.au/wp-content/themes/studio45/resources/assets/styles/easy-responsive-tabs.css","text/css","200","OK","Indexable","","","101","","https://zibdigital.com.au/wp-content/themes/studio45/resources/assets/styles/easy-responsive-tabs.css"
"https://zibdigital.com.au/wp-content/themes/studio45/resources/assets/scripts/owl.carousel.js","application/javascript","200","OK","Indexable","","","93","","https://zibdigital.com.au/wp-content/themes/studio45/resources/assets/scripts/owl.carousel.js"
"https://zibdigital.com.au/casestudy/procut/","text/html; charset=UTF-8","200","OK","Indexable","","3d2811bbffbe18202f18ff62341bf468","43","https://zibdigital.com.au/casestudy/procut/","https://zibdigital.com.au/casestudy/procut/"
"https://zibdigital.com.au/wp-content/plugins/js_composer/assets/lib/vc-tta-autoplay/vc-tta-autoplay.min.js?ver=6.9.0","application/javascript","200","OK","Indexable","","","116","","https://zibdigital.com.au/wp-content/plugins/js_composer/assets/lib/vc-tta-autoplay/vc-tta-autoplay.min.js?ver=6.9.0"
"https://zibdigital.com.au/wp-content/plugins/revslider/public/assets/css/rs6.css?ver=6.1.5","text/css","200","OK","Indexable","","","90","","https://zibdigital.com.au/wp-content/plugins/revslider/public/assets/css/rs6.css?ver=6.1.5"
"https://zibdigital.com.au/wp-content/uploads/2022/12/magic-t6.jpg","image/jpeg","200","OK","Indexable","","","65","","https://zibdigital.com.au/wp-content/uploads/2022/12/magic-t6.jpg"
"https://zibdigital.com.au/wp-content/uploads/2022/11/average.png","image/png","200","OK","Indexable","","","64","","https://zibdigital.com.au/wp-content/uploads/2022/11/average.png"
"https://zibdigital.com.au/casestudy/assured-roofing/","text/html; charset=UTF-8","200","OK","Indexable","","85b5cea93a2511db7ed0d22698ef5f67","52","https://zibdigital.com.au/casestudy/assured-roofing/","https://zibdigital.com.au/casestudy/assured-roofing/"
"https://zibdigital.com.au/wp-content/themes/studio45/resources/assets/styles/responsive.css","text/css","200","OK","Indexable","","","91","","https://zibdigital.com.au/wp-content/themes/studio45/resources/assets/styles/responsive.css"
"https://zibdigital.com.au/wp-content/plugins/mobile-menu/includes/css/mobmenu-icons.css?ver=7.0","text/css","200","OK","Indexable","","","95","","https://zibdigital.com.au/wp-content/plugins/mobile-menu/includes/css/mobmenu-icons.css?ver=7.0"
"https://zibdigital.com.au/new-final-home-page/","text/html; charset=UTF-8","200","OK","Indexable","","9b306d28ac13e509ea55ced10679260d","46","https://zibdigital.com.au/new-final-home-page/","https://zibdigital.com.au/new-final-home-page/"
"https://zibdigital.com.au/wp-content/themes/studio45/resources/assets/scripts/easyResponsiveTabs.js","application/javascript","200","OK","Indexable","","","99","","https://zibdigital.com.au/wp-content/themes/studio45/resources/assets/scripts/easyResponsiveTabs.js"
"https://zibdigital.com.au/wp-includes/js/mediaelement/renderers/vimeo.min.js?ver=4.2.17","application/javascript","200","OK","Indexable","","","87","","https://zibdigital.com.au/wp-includes/js/mediaelement/renderers/vimeo.min.js?ver=4.2.17"
"https://zibdigital.com.au/wp-content/uploads/2022/11/impression.png","image/png","200","OK","Indexable","","","67","","https://zibdigital.com.au/wp-content/uploads/2022/11/impression.png"
"https://zibdigital.com.au/wp-content/uploads/2022/12/zip-t1.jpg","image/jpeg","200","OK","Indexable","","","63","","https://zibdigital.com.au/wp-content/uploads/2022/12/zip-t1.jpg"
"https://zibdigital.com.au/web-graphic-design-melbourne/","text/html; charset=UTF-8","200","OK","Indexable","","775575d299fcf2052dfc721ba5a1a780","55","https://zibdigital.com.au/web-graphic-design-melbourne/","https://zibdigital.com.au/web-graphic-design-melbourne/"
"https://zibdigital.com.au/wp-content/uploads/2022/11/michelle.png","image/png","200","OK","Indexable","","","65","","https://zibdigital.com.au/wp-content/uploads/2022/11/michelle.png"
"https://zibdigital.com.au/wp-content/themes/studio45/resources/assets/styles/owl.carousel.css","text/css","200","OK","Indexable","","","93","","https://zibdigital.com.au/wp-content/themes/studio45/resources/assets/styles/owl.carousel.css"
"https://zibdigital.com.au/seo-geelong/","text/html; charset=UTF-8","200","OK","Indexable","","928db14e4f77bce2f3813905bb910519","38","https://zibdigital.com.au/seo-geelong/","https://zibdigital.com.au/seo-geelong/"
"https://zibdigital.com.au/wp-content/plugins/link-whisper/js/frontend.min.js?ver=1780356898","application/javascript","200","OK","Indexable","","","91","","https://zibdigital.com.au/wp-content/plugins/link-whisper/js/frontend.min.js?ver=1780356898"
"https://zibdigital.com.au/wp-content/uploads/2023/01/instagram.png","image/png","200","OK","Indexable","","","66","","https://zibdigital.com.au/wp-content/uploads/2023/01/instagram.png"
"https://zibdigital.com.au/seo-agency/","text/html; charset=UTF-8","200","OK","Indexable","","64d53c8a626c543dbb8d624c6bfd3d11","37","https://zibdigital.com.au/seo-agency/","https://zibdigital.com.au/seo-agency/"
"https://zibdigital.com.au/wp-content/uploads/2022/09/Google-Advertising.jpg","image/jpeg","200","OK","Indexable","","","75","","https://zibdigital.com.au/wp-content/uploads/2022/09/Google-Advertising.jpg"
"https://zibdigital.com.au/wp-content/plugins/metronet-profile-picture/js/mpp-frontend.js?ver=2.6.3","application/javascript","200","OK","Indexable","","","98","","https://zibdigital.com.au/wp-content/plugins/metronet-profile-picture/js/mpp-frontend.js?ver=2.6.3"
"https://zibdigital.com.au/wp-content/uploads/2023/01/wordpress.png","image/png","200","OK","Indexable","","","66","","https://zibdigital.com.au/wp-content/uploads/2023/01/wordpress.png"
"https://zibdigital.com.au/wp-content/plugins/pixelyoursite/dist/scripts/tld.min.js?ver=2.3.1","application/javascript","200","OK","Indexable","","","92","","https://zibdigital.com.au/wp-content/plugins/pixelyoursite/dist/scripts/tld.min.js?ver=2.3.1"
"https://zibdigital.com.au/wp-includes/js/mediaelement/mediaelement-migrate.min.js?ver=7.0","application/javascript","200","OK","Indexable","","","89","","https://zibdigital.com.au/wp-includes/js/mediaelement/mediaelement-migrate.min.js?ver=7.0"
"https://zibdigital.com.au/wp-includes/js/mediaelement/mediaelementplayer-legacy.min.css?ver=4.2.17","text/css","200","OK","Indexable","","","98","","https://zibdigital.com.au/wp-includes/js/mediaelement/mediaelementplayer-legacy.min.css?ver=4.2.17"
"https://zibdigital.com.au/wp-content/plugins/pixelyoursite/dist/scripts/js.cookie-2.1.3.min.js?ver=2.1.3","application/javascript","200","OK","Indexable","","","104","","https://zibdigital.com.au/wp-content/plugins/pixelyoursite/dist/scripts/js.cookie-2.1.3.min.js?ver=2.1.3"
"https://zibdigital.com.au/wp-content/uploads/2022/12/link-b11.jpg","image/jpeg","200","OK","Indexable","","","65","","https://zibdigital.com.au/wp-content/uploads/2022/12/link-b11.jpg"
"https://zibdigital.com.au/wp-content/uploads/2022/08/bridge-1.png","image/png","200","OK","Indexable","","","65","","https://zibdigital.com.au/wp-content/uploads/2022/08/bridge-1.png"
"https://zibdigital.com.au/seo-sydney/","text/html; charset=UTF-8","200","OK","Indexable","","29d2889c14dde39e5ab9e7f1831d69cd","37","https://zibdigital.com.au/seo-sydney/","https://zibdigital.com.au/seo-sydney/"
"https://zibdigital.com.au/casestudy/amazing-graze/","text/html; charset=UTF-8","200","OK","Indexable","","98124cc62b8497f4dc2a350db70f4101","50","https://zibdigital.com.au/casestudy/amazing-graze/","https://zibdigital.com.au/casestudy/amazing-graze/"
"https://zibdigital.com.au/seo-brisbane/","text/html; charset=UTF-8","200","OK","Indexable","","484113b4a167c90ba37faa92f7dd5a42","39","https://zibdigital.com.au/seo-brisbane/","https://zibdigital.com.au/seo-brisbane/"
"https://zibdigital.com.au/wp-content/uploads/2022/12/stirlingsports-b9.jpg","image/jpeg","200","OK","Indexable","","","74","","https://zibdigital.com.au/wp-content/uploads/2022/12/stirlingsports-b9.jpg"
"https://zibdigital.com.au/wp-content/uploads/2022/11/rentetion.png","image/png","200","OK","Indexable","","","66","","https://zibdigital.com.au/wp-content/uploads/2022/11/rentetion.png"
"https://zibdigital.com.au/wp-content/themes/studio45/resources/assets/scripts/slick.js","application/javascript","200","OK","Indexable","","","86","","https://zibdigital.com.au/wp-content/themes/studio45/resources/assets/scripts/slick.js"
"https://zibdigital.com.au/digital-marketing-agency-canberra/","text/html; charset=UTF-8","200","OK","Indexable","","338eefe1e8fee041cd43c75f2a1ac6df","60","https://zibdigital.com.au/digital-marketing-agency-canberra/","https://zibdigital.com.au/digital-marketing-agency-canberra/"
"https://zibdigital.com.au/wp-content/plugins/js_composer/assets/js/dist/js_composer_front.min.js?ver=6.9.0","application/javascript","200","OK","Indexable","","","106","","https://zibdigital.com.au/wp-content/plugins/js_composer/assets/js/dist/js_composer_front.min.js?ver=6.9.0"
"https://zibdigital.com.au/wp-content/uploads/2023/01/google.png","image/png","200","OK","Indexable","","","63","","https://zibdigital.com.au/wp-content/uploads/2023/01/google.png"
"https://zibdigital.com.au/seo-gold-coast/","text/html; charset=UTF-8","200","OK","Indexable","","5d7b207f28a5c58041c90085a93490c1","41","https://zibdigital.com.au/seo-gold-coast/","https://zibdigital.com.au/seo-gold-coast/"
"https://zibdigital.com.au/wp-content/uploads/2020/10/ft-main-logo.png","image/png","200","OK","Indexable","","","69","","https://zibdigital.com.au/wp-content/uploads/2020/10/ft-main-logo.png"
"https://zibdigital.com.au/wp-content/uploads/2023/01/tiktok.png","image/png","200","OK","Indexable","","","63","","https://zibdigital.com.au/wp-content/uploads/2023/01/tiktok.png"
"https://zibdigital.com.au/wp-content/uploads/2023/01/pinterest.png","image/png","200","OK","Indexable","","","66","","https://zibdigital.com.au/wp-content/uploads/2023/01/pinterest.png"
"https://zibdigital.com.au/wp-content/uploads/2022/08/studies_Procut.png","image/png","200","OK","Indexable","","","71","","https://zibdigital.com.au/wp-content/uploads/2022/08/studies_Procut.png"
"https://zibdigital.com.au/wp-content/uploads/2022/08/studies_Liberty.png","image/png","200","OK","Indexable","","","72","","https://zibdigital.com.au/wp-content/uploads/2022/08/studies_Liberty.png"
"https://zibdigital.com.au/wp-content/plugins/js_composer/assets/css/js_composer.min.css?ver=6.9.0","text/css","200","OK","Indexable","","","97","","https://zibdigital.com.au/wp-content/plugins/js_composer/assets/css/js_composer.min.css?ver=6.9.0"
"https://zibdigital.com.au/wp-content/uploads/2022/12/thirstycamel-t5.jpg","image/jpeg","200","OK","Indexable","","","72","","https://zibdigital.com.au/wp-content/uploads/2022/12/thirstycamel-t5.jpg"
"https://zibdigital.com.au/wp-content/uploads/2022/12/crown-b2.jpg","image/jpeg","200","OK","Indexable","","","65","","https://zibdigital.com.au/wp-content/uploads/2022/12/crown-b2.jpg"
"https://zibdigital.com.au/wp-content/plugins/wp-expand-tabs-free/src/Shared/Assets//font-awesome.min.css?ver=3.1.4","text/css","200","OK","Indexable","","","114","","https://zibdigital.com.au/wp-content/plugins/wp-expand-tabs-free/src/Shared/Assets//font-awesome.min.css?ver=3.1.4"
"https://zibdigital.com.au/wp-content/uploads/2022/11/Rebecca-.png","image/png","200","OK","Indexable","","","65","","https://zibdigital.com.au/wp-content/uploads/2022/11/Rebecca-.png"
"https://zibdigital.com.au/wp-includes/js/mediaelement/wp-mediaelement.min.css?ver=7.0","text/css","200","OK","Indexable","","","85","","https://zibdigital.com.au/wp-includes/js/mediaelement/wp-mediaelement.min.css?ver=7.0"
"https://zibdigital.com.au/wp-content/themes/genesis/lib/js/menu/superfish.args.min.js?ver=2.8.0","application/javascript","200","OK","Indexable","","","95","","https://zibdigital.com.au/wp-content/themes/genesis/lib/js/menu/superfish.args.min.js?ver=2.8.0"
"https://zibdigital.com.au/wp-content/plugins/date-time-picker-for-contact-form-7/assets/js/jquery.datetimepicker.full.min.js?ver=7.0","application/javascript","200","OK","Indexable","","","132","","https://zibdigital.com.au/wp-content/plugins/date-time-picker-for-contact-form-7/assets/js/jquery.datetimepicker.full.min.js?ver=7.0"
"https://zibdigital.com.au/wp-content/uploads/2023/11/gp.png","image/png","200","OK","Indexable","","","59","","https://zibdigital.com.au/wp-content/uploads/2023/11/gp.png"
"https://zibdigital.com.au/wp-content/uploads/2022/12/liberty-b3.jpg","image/jpeg","200","OK","Indexable","","","67","","https://zibdigital.com.au/wp-content/uploads/2022/12/liberty-b3.jpg"
"https://zibdigital.com.au/wp-content/uploads/font-awesome/v6.5.1/css/svg-with-js.css","text/css","200","OK","Indexable","","","84","","https://zibdigital.com.au/wp-content/uploads/font-awesome/v6.5.1/css/svg-with-js.css"
"https://zibdigital.com.au/wp-content/themes/genesis/lib/js/menu/superfish.min.js?ver=1.7.5","application/javascript","200","OK","Indexable","","","90","","https://zibdigital.com.au/wp-content/themes/genesis/lib/js/menu/superfish.min.js?ver=1.7.5"
"https://zibdigital.com.au/wp-content/plugins/pixelyoursite/dist/scripts/public.js?ver=11.2.0.6","application/javascript","200","OK","Indexable","","","94","","https://zibdigital.com.au/wp-content/plugins/pixelyoursite/dist/scripts/public.js?ver=11.2.0.6"
"https://zibdigital.com.au/wp-content/uploads/2022/12/muk-t2.jpg","image/jpeg","200","OK","Indexable","","","63","","https://zibdigital.com.au/wp-content/uploads/2022/12/muk-t2.jpg"
"https://zibdigital.com.au/wp-content/themes/studio45/resources/assets/styles/main.css","text/css","200","OK","Indexable","","","85","","https://zibdigital.com.au/wp-content/themes/studio45/resources/assets/styles/main.css"
"https://zibdigital.com.au/wp-content/plugins/mobile-menu/includes/js/mobmenu.js?ver=2.8.8","application/javascript","200","OK","Indexable","","","89","","https://zibdigital.com.au/wp-content/plugins/mobile-menu/includes/js/mobmenu.js?ver=2.8.8"
"https://zibdigital.com.au/social-media-marketing/","text/html; charset=UTF-8","200","OK","Indexable","","128b979cc46376a37c6f9d913ec15934","49","https://zibdigital.com.au/social-media-marketing/","https://zibdigital.com.au/social-media-marketing/"
"https://zibdigital.com.au/wp-content/uploads/2020/10/Adelaide-Digital-Marketing-SEO.png","image/png","200","OK","Indexable","","","87","","https://zibdigital.com.au/wp-content/uploads/2020/10/Adelaide-Digital-Marketing-SEO.png"
"https://zibdigital.com.au/wp-content/uploads/dynamic-mobmenu.css?ver=2.8.8-226","text/css","200","OK","Indexable","","","78","","https://zibdigital.com.au/wp-content/uploads/dynamic-mobmenu.css?ver=2.8.8-226"
"https://zibdigital.com.au/wp-content/uploads/2020/10/google-partner.png","image/png","200","OK","Indexable","","","71","","https://zibdigital.com.au/wp-content/uploads/2020/10/google-partner.png"
"https://zibdigital.com.au/wp-content/uploads/2020/10/Adelaide-Digital-Marketing-Design-and-Branding.png","image/png","200","OK","Indexable","","","103","","https://zibdigital.com.au/wp-content/uploads/2020/10/Adelaide-Digital-Marketing-Design-and-Branding.png"
"https://zibdigital.com.au/casestudy/the-fruit-box-group/","text/html; charset=UTF-8","200","OK","Indexable","","172f950e69fa9c9e3081cad0d775f41f","56","https://zibdigital.com.au/casestudy/the-fruit-box-group/","https://zibdigital.com.au/casestudy/the-fruit-box-group/"
"https://zibdigital.com.au/wp-content/uploads/2020/10/Adelaide-Digital-Marketing-Social-e1587460040711.png","image/png","200","OK","Indexable","","","105","","https://zibdigital.com.au/wp-content/uploads/2020/10/Adelaide-Digital-Marketing-Social-e1587460040711.png"
"https://zibdigital.com.au/digital-marketing-agency-brisbane/your-style.css?v=2","text/html; charset=UTF-8","302","Found","Non-Indexable","Redirected","","78","","https://zibdigital.com.au/digital-marketing-agency-brisbane/your-style.css?v=2"
"https://zibdigital.com.au/wp-content/uploads/2020/10/Adelaide-Digital-Marketing-Web-Development.png","image/png","200","OK","Indexable","","","99","","https://zibdigital.com.au/wp-content/uploads/2020/10/Adelaide-Digital-Marketing-Web-Development.png"
"https://zibdigital.com.au/wp-content/uploads/dynamic-mobmenu.css?ver=2.8.8-287","text/css","200","OK","Indexable","","","78","","https://zibdigital.com.au/wp-content/uploads/dynamic-mobmenu.css?ver=2.8.8-287"
"https://zibdigital.com.au/wp-content/uploads/2022/02/Group-1851.jpg","image/jpeg","200","OK","Indexable","","","67","","https://zibdigital.com.au/wp-content/uploads/2022/02/Group-1851.jpg"
"https://zibdigital.com.au/wp-content/uploads/2022/11/SEO-Adelaide-strategists.jpg","image/jpeg","200","OK","Indexable","","","81","","https://zibdigital.com.au/wp-content/uploads/2022/11/SEO-Adelaide-strategists.jpg"
"https://zibdigital.com.au/wp-content/uploads/2022/11/SEO-Adelaide-Strategy.jpg","image/jpeg","200","OK","Indexable","","","78","","https://zibdigital.com.au/wp-content/uploads/2022/11/SEO-Adelaide-Strategy.jpg"
"https://zibdigital.com.au/wp-content/uploads/2022/08/SEO-Adelaide.jpg","image/jpeg","200","OK","Indexable","","","69","","https://zibdigital.com.au/wp-content/uploads/2022/08/SEO-Adelaide.jpg"
"https://zibdigital.com.au/wp-content/uploads/2022/11/seo-adelaide-Services.jpg","image/jpeg","200","OK","Indexable","","","78","","https://zibdigital.com.au/wp-content/uploads/2022/11/seo-adelaide-Services.jpg"
"https://zibdigital.com.au/wp-content/uploads/2020/10/Adelaide-SEO-Your-SEO-Adelaide-Strategy.png","image/png","200","OK","Indexable","","","96","","https://zibdigital.com.au/wp-content/uploads/2020/10/Adelaide-SEO-Your-SEO-Adelaide-Strategy.png"
"https://zibdigital.com.au/wp-content/uploads/2020/10/Adelaide-SEO-Maintenance.png","image/png","200","OK","Indexable","","","81","","https://zibdigital.com.au/wp-content/uploads/2020/10/Adelaide-SEO-Maintenance.png"
"https://zibdigital.com.au/wp-content/uploads/2020/04/Adelaide-SEO-Optimisation-SEO-Services-Adelaide-e1587460822898.png","image/png","200","OK","Indexable","","","119","","https://zibdigital.com.au/wp-content/uploads/2020/04/Adelaide-SEO-Optimisation-SEO-Services-Adelaide-e1587460822898.png"
"https://zibdigital.com.au/wp-content/uploads/dynamic-mobmenu.css?ver=2.8.8-543","text/css","200","OK","Indexable","","","78","","https://zibdigital.com.au/wp-content/uploads/dynamic-mobmenu.css?ver=2.8.8-543"
"https://zibdigital.com.au/wp-content/uploads/2020/04/Adelaide-SEO-Content-Creation-SEO-Services-Adelaide.png","image/png","200","OK","Indexable","","","108","","https://zibdigital.com.au/wp-content/uploads/2020/04/Adelaide-SEO-Content-Creation-SEO-Services-Adelaide.png"
"https://zibdigital.com.au/wp-content/uploads/2020/02/Adelaide-Social-Media-Marketing-Reporting.png","image/png","200","OK","Indexable","","","98","","https://zibdigital.com.au/wp-content/uploads/2020/02/Adelaide-Social-Media-Marketing-Reporting.png"
"https://zibdigital.com.au/wp-content/uploads/2020/04/Adelaide-Social-Media-Marketing-Management-e1586428695990.png","image/png","200","OK","Indexable","","","114","","https://zibdigital.com.au/wp-content/uploads/2020/04/Adelaide-Social-Media-Marketing-Management-e1586428695990.png"
"https://zibdigital.com.au/seo-adelaide/your-style.css?v=2","text/html; charset=UTF-8","302","Found","Non-Indexable","Redirected","","57","","https://zibdigital.com.au/seo-adelaide/your-style.css?v=2"
"https://zibdigital.com.au/wp-content/uploads/2020/02/Adelaide-Social-Media-Marketing-Content-Creation.png","image/png","200","OK","Indexable","","","105","","https://zibdigital.com.au/wp-content/uploads/2020/02/Adelaide-Social-Media-Marketing-Content-Creation.png"
"https://zibdigital.com.au/wp-content/uploads/dynamic-mobmenu.css?ver=2.8.8-165","text/css","200","OK","Indexable","","","78","","https://zibdigital.com.au/wp-content/uploads/dynamic-mobmenu.css?ver=2.8.8-165"
"https://zibdigital.com.au/wp-content/uploads/2020/04/Adelaide-Digital-Marketing-Social-e1587460040711.png","image/png","200","OK","Indexable","","","105","","https://zibdigital.com.au/wp-content/uploads/2020/04/Adelaide-Digital-Marketing-Social-e1587460040711.png"
"https://zibdigital.com.au/wp-content/uploads/dynamic-mobmenu.css?ver=2.8.8-289","text/css","200","OK","Indexable","","","78","","https://zibdigital.com.au/wp-content/uploads/dynamic-mobmenu.css?ver=2.8.8-289"
"https://zibdigital.com.au/wp-content/uploads/dynamic-mobmenu.css?ver=2.8.8-341","text/css","200","OK","Indexable","","","78","","https://zibdigital.com.au/wp-content/uploads/dynamic-mobmenu.css?ver=2.8.8-341"
"https://zibdigital.com.au/wp-content/uploads/dynamic-mobmenu.css?ver=2.8.8-218","text/css","200","OK","Indexable","","","78","","https://zibdigital.com.au/wp-content/uploads/dynamic-mobmenu.css?ver=2.8.8-218"
"https://zibdigital.com.au/seo-canberra/your-style.css?v=2","text/html; charset=UTF-8","302","Found","Non-Indexable","Redirected","","57","","https://zibdigital.com.au/seo-canberra/your-style.css?v=2"
"https://zibdigital.com.au/wp-content/uploads/2022/08/Screen-Shot-2022-07-29-at-2.29.03-pm.png","image/png","200","OK","Indexable","","","93","","https://zibdigital.com.au/wp-content/uploads/2022/08/Screen-Shot-2022-07-29-at-2.29.03-pm.png"
"https://zibdigital.com.au/wp-content/uploads/2020/04/liberty-logo1.png","image/png","200","OK","Indexable","","","70","","https://zibdigital.com.au/wp-content/uploads/2020/04/liberty-logo1.png"
"https://zibdigital.com.au/wp-content/uploads/2020/04/Liberty-loans-buttons1.jpg","image/jpeg","200","OK","Indexable","","","79","","https://zibdigital.com.au/wp-content/uploads/2020/04/Liberty-loans-buttons1.jpg"
"https://zibdigital.com.au/social-media-marketing-agency-melbourne/your-style.css?v=2","text/html; charset=UTF-8","302","Found","Non-Indexable","Redirected","","84","","https://zibdigital.com.au/social-media-marketing-agency-melbourne/your-style.css?v=2"
"https://zibdigital.com.au/social-media-marketing-agency-adelaide/your-style.css?v=2","text/html; charset=UTF-8","302","Found","Non-Indexable","Redirected","","83","","https://zibdigital.com.au/social-media-marketing-agency-adelaide/your-style.css?v=2"
"https://zibdigital.com.au/wp-content/uploads/2023/08/zip-t1.jpg","image/jpeg","200","OK","Indexable","","","63","","https://zibdigital.com.au/wp-content/uploads/2023/08/zip-t1.jpg"
"https://zibdigital.com.au/wp-content/uploads/2023/08/bridge-b7.jpg","image/jpeg","200","OK","Indexable","","","66","","https://zibdigital.com.au/wp-content/uploads/2023/08/bridge-b7.jpg"
"https://zibdigital.com.au/wp-content/uploads/2023/08/brandon-img.png","image/png","200","OK","Indexable","","","68","","https://zibdigital.com.au/wp-content/uploads/2023/08/brandon-img.png"
"https://zibdigital.com.au/social-media-marketing-agency-sydney/your-style.css?v=2","text/html; charset=UTF-8","302","Found","Non-Indexable","Redirected","","81","","https://zibdigital.com.au/social-media-marketing-agency-sydney/your-style.css?v=2"
"https://zibdigital.com.au/wp-content/uploads/2025/01/SG_meet-the-team-tile.webp","image/webp","200","OK","Indexable","","","79","","https://zibdigital.com.au/wp-content/uploads/2025/01/SG_meet-the-team-tile.webp"
"https://zibdigital.com.au/starsha-green/","text/html; charset=UTF-8","200","OK","Indexable","","c40d119f284a67fb09fe1ba9a754426c","40","https://zibdigital.com.au/starsha-green/","https://zibdigital.com.au/starsha-green/"
"https://zibdigital.com.au/wp-content/uploads/2023/08/trakracer-t17.jpg","image/jpeg","200","OK","Indexable","","","70","","https://zibdigital.com.au/wp-content/uploads/2023/08/trakracer-t17.jpg"
"https://zibdigital.com.au/team/matt-jackson/","text/html; charset=UTF-8","200","OK","Indexable","","a091765b68b7ae968c6c946fe172d6cc","44","https://zibdigital.com.au/team/matt-jackson/","https://zibdigital.com.au/team/matt-jackson/"
"https://zibdigital.com.au/wp-content/uploads/2023/08/harcourts-b5.jpg","image/jpeg","200","OK","Indexable","","","69","","https://zibdigital.com.au/wp-content/uploads/2023/08/harcourts-b5.jpg"
"https://zibdigital.com.au/wp-content/uploads/2023/08/logo-img.png","image/png","200","OK","Indexable","","","65","","https://zibdigital.com.au/wp-content/uploads/2023/08/logo-img.png"
"https://zibdigital.com.au/wp-content/uploads/2023/08/Ange-and-Ethan-img.png","image/png","200","OK","Indexable","","","75","","https://zibdigital.com.au/wp-content/uploads/2023/08/Ange-and-Ethan-img.png"
"https://zibdigital.com.au/wp-content/uploads/2023/08/muk-t2.jpg","image/jpeg","200","OK","Indexable","","","63","","https://zibdigital.com.au/wp-content/uploads/2023/08/muk-t2.jpg"
"https://zibdigital.com.au/marty-tucker/","text/html; charset=UTF-8","200","OK","Indexable","","bb30a74df8ac16440ab87790d8b5b3cc","39","https://zibdigital.com.au/marty-tucker/","https://zibdigital.com.au/marty-tucker/"
"https://zibdigital.com.au/wp-content/uploads/2023/08/drnc-t15.jpg","image/jpeg","200","OK","Indexable","","","65","","https://zibdigital.com.au/wp-content/uploads/2023/08/drnc-t15.jpg"
"https://zibdigital.com.au/wp-content/uploads/2023/08/chilli-t14.jpg","image/jpeg","200","OK","Indexable","","","67","","https://zibdigital.com.au/wp-content/uploads/2023/08/chilli-t14.jpg"
"https://zibdigital.com.au/wp-content/uploads/2023/08/darche-b14.jpg","image/jpeg","200","OK","Indexable","","","67","","https://zibdigital.com.au/wp-content/uploads/2023/08/darche-b14.jpg"
"https://zibdigital.com.au/casestudy/liberty-financial/your-style.css?v=2","text/html; charset=UTF-8","302","Found","Non-Indexable","Redirected","","72","","https://zibdigital.com.au/casestudy/liberty-financial/your-style.css?v=2"
"https://zibdigital.com.au/wp-content/uploads/2023/08/mgroup-t10.jpg","image/jpeg","200","OK","Indexable","","","67","","https://zibdigital.com.au/wp-content/uploads/2023/08/mgroup-t10.jpg"
"https://zibdigital.com.au/wp-content/uploads/2023/08/magic-t6.jpg","image/jpeg","200","OK","Indexable","","","65","","https://zibdigital.com.au/wp-content/uploads/2023/08/magic-t6.jpg"
"https://zibdigital.com.au/chelsea-teelow","text/html; charset=UTF-8","301","Moved Permanently","Non-Indexable","Redirected","","40","","https://zibdigital.com.au/chelsea-teelow"
"https://zibdigital.com.au/wp-content/uploads/2023/08/thirstycamel-t5.jpg","image/jpeg","200","OK","Indexable","","","72","","https://zibdigital.com.au/wp-content/uploads/2023/08/thirstycamel-t5.jpg"
"https://zibdigital.com.au/wp-content/uploads/2023/08/pin-icon.png","image/png","200","OK","Indexable","","","65","","https://zibdigital.com.au/wp-content/uploads/2023/08/pin-icon.png"
"https://zibdigital.com.au/wp-content/uploads/2023/08/matt-img.png","image/png","200","OK","Indexable","","","65","","https://zibdigital.com.au/wp-content/uploads/2023/08/matt-img.png"
"https://zibdigital.com.au/wp-content/uploads/2023/08/twelveboardstore-b10.jpg","image/jpeg","200","OK","Indexable","","","77","","https://zibdigital.com.au/wp-content/uploads/2023/08/twelveboardstore-b10.jpg"
"https://zibdigital.com.au/wp-content/uploads/2024/11/DH_meet-the-team-tile.webp","image/webp","200","OK","Indexable","","","79","","https://zibdigital.com.au/wp-content/uploads/2024/11/DH_meet-the-team-tile.webp"
"https://zibdigital.com.au/wp-content/uploads/2023/08/puma-t4.jpg","image/jpeg","200","OK","Indexable","","","64","","https://zibdigital.com.au/wp-content/uploads/2023/08/puma-t4.jpg"
"https://zibdigital.com.au/wp-content/uploads/2023/08/inglewood-t8.jpg","image/jpeg","200","OK","Indexable","","","69","","https://zibdigital.com.au/wp-content/uploads/2023/08/inglewood-t8.jpg"
"https://zibdigital.com.au/wp-content/uploads/2023/08/dylan-jake-img.png","image/png","200","OK","Indexable","","","71","","https://zibdigital.com.au/wp-content/uploads/2023/08/dylan-jake-img.png"
"https://zibdigital.com.au/wp-content/uploads/2025/07/Brad-Reece-Right.png","image/png","200","OK","Indexable","","","73","","https://zibdigital.com.au/wp-content/uploads/2025/07/Brad-Reece-Right.png"
"https://zibdigital.com.au/wp-content/uploads/2023/08/standrews-t16.jpg","image/jpeg","200","OK","Indexable","","","70","","https://zibdigital.com.au/wp-content/uploads/2023/08/standrews-t16.jpg"
"https://zibdigital.com.au/wp-content/uploads/2026/03/compressed_bg-1.webp","image/webp","200","OK","Indexable","","","73","","https://zibdigital.com.au/wp-content/uploads/2026/03/compressed_bg-1.webp"
"https://zibdigital.com.au/wp-content/uploads/2023/08/link-b11.jpg","image/jpeg","200","OK","Indexable","","","65","","https://zibdigital.com.au/wp-content/uploads/2023/08/link-b11.jpg"
"https://zibdigital.com.au/wp-content/uploads/2023/08/gardenstate-b4.jpg","image/jpeg","200","OK","Indexable","","","71","","https://zibdigital.com.au/wp-content/uploads/2023/08/gardenstate-b4.jpg"
"https://zibdigital.com.au/daniel-harris/","text/html; charset=UTF-8","200","OK","Indexable","","fa5a2c3e5142a4d6be1a8e1166a731e","40","https://zibdigital.com.au/daniel-harris/","https://zibdigital.com.au/daniel-harris/"
"https://zibdigital.com.au/brad-reece","text/html; charset=UTF-8","301","Moved Permanently","Non-Indexable","Redirected","","36","","https://zibdigital.com.au/brad-reece"
"https://zibdigital.com.au/wp-content/uploads/2023/08/blackleopard-t7.jpg","image/jpeg","200","OK","Indexable","","","72","","https://zibdigital.com.au/wp-content/uploads/2023/08/blackleopard-t7.jpg"
"https://zibdigital.com.au/wp-content/uploads/2023/08/eric-t3.jpg","image/jpeg","200","OK","Indexable","","","64","","https://zibdigital.com.au/wp-content/uploads/2023/08/eric-t3.jpg"
"https://zibdigital.com.au/wp-content/uploads/2023/08/morphyrichards-b12.jpg","image/jpeg","200","OK","Indexable","","","75","","https://zibdigital.com.au/wp-content/uploads/2023/08/morphyrichards-b12.jpg"
"https://zibdigital.com.au/wp-content/uploads/2023/08/mobile-icon.png","image/png","200","OK","Indexable","","","68","","https://zibdigital.com.au/wp-content/uploads/2023/08/mobile-icon.png"
"https://zibdigital.com.au/corrine-chalmers/","text/html; charset=UTF-8","200","OK","Indexable","","51ee626c4845e9eea19aa26dd287b8a5","43","https://zibdigital.com.au/corrine-chalmers/","https://zibdigital.com.au/corrine-chalmers/"
"https://zibdigital.com.au/wp-content/uploads/2023/08/wickedsista-b8.jpg","image/jpeg","200","OK","Indexable","","","71","","https://zibdigital.com.au/wp-content/uploads/2023/08/wickedsista-b8.jpg"
"https://zibdigital.com.au/daniel-harris","text/html; charset=UTF-8","301","Moved Permanently","Non-Indexable","Redirected","","39","","https://zibdigital.com.au/daniel-harris"
"https://zibdigital.com.au/wp-content/uploads/2023/08/matthew-img.png","image/png","200","OK","Indexable","","","68","","https://zibdigital.com.au/wp-content/uploads/2023/08/matthew-img.png"
"https://zibdigital.com.au/dylan-jake/","text/html; charset=UTF-8","200","OK","Indexable","","43428ab5cb3a1692ef321d90fec95dd5","37","https://zibdigital.com.au/dylan-jake/","https://zibdigital.com.au/dylan-jake/"
"https://zibdigital.com.au/wp-content/uploads/2024/11/Corrine-Chalmers-Team-768x975-1.webp","image/webp","200","OK","Indexable","","","89","","https://zibdigital.com.au/wp-content/uploads/2024/11/Corrine-Chalmers-Team-768x975-1.webp"
"https://zibdigital.com.au/wp-content/uploads/2025/08/meet-photo-chelsea.png","image/png","200","OK","Indexable","","","75","","https://zibdigital.com.au/wp-content/uploads/2025/08/meet-photo-chelsea.png"
"https://zibdigital.com.au/wp-content/uploads/2023/08/email-icon.png","image/png","200","OK","Indexable","","","67","","https://zibdigital.com.au/wp-content/uploads/2023/08/email-icon.png"
"https://zibdigital.com.au/wp-content/uploads/2023/08/euromaid-t13.jpg","image/jpeg","200","OK","Indexable","","","69","","https://zibdigital.com.au/wp-content/uploads/2023/08/euromaid-t13.jpg"
"https://zibdigital.com.au/wp-content/uploads/2023/08/fruitbox-b1.jpg","image/jpeg","200","OK","Indexable","","","68","","https://zibdigital.com.au/wp-content/uploads/2023/08/fruitbox-b1.jpg"
"https://zibdigital.com.au/angle-ethan","text/html; charset=UTF-8","301","Moved Permanently","Non-Indexable","Redirected","","37","","https://zibdigital.com.au/angle-ethan"
"https://zibdigital.com.au/wp-content/uploads/2023/08/haileybury-b6.jpg","image/jpeg","200","OK","Indexable","","","70","","https://zibdigital.com.au/wp-content/uploads/2023/08/haileybury-b6.jpg"
"https://zibdigital.com.au/wp-content/uploads/2023/08/espressocompanyaustralia-b13.jpg","image/jpeg","200","OK","Indexable","","","85","","https://zibdigital.com.au/wp-content/uploads/2023/08/espressocompanyaustralia-b13.jpg"
"https://zibdigital.com.au/wp-content/uploads/2023/08/prahranhotel-t11.jpg","image/jpeg","200","OK","Indexable","","","73","","https://zibdigital.com.au/wp-content/uploads/2023/08/prahranhotel-t11.jpg"
"https://zibdigital.com.au/wp-content/uploads/2023/08/citykia-t9.jpg","image/jpeg","200","OK","Indexable","","","67","","https://zibdigital.com.au/wp-content/uploads/2023/08/citykia-t9.jpg"
"https://zibdigital.com.au/wp-content/uploads/dynamic-mobmenu.css?ver=2.8.8-725","text/css","200","OK","Indexable","","","78","","https://zibdigital.com.au/wp-content/uploads/dynamic-mobmenu.css?ver=2.8.8-725"
"https://zibdigital.com.au/wp-content/uploads/2023/08/classicproperty-b16.jpg","image/jpeg","200","OK","Indexable","","","76","","https://zibdigital.com.au/wp-content/uploads/2023/08/classicproperty-b16.jpg"
"https://zibdigital.com.au/wp-content/uploads/2023/08/marty-img.png","image/png","200","OK","Indexable","","","66","","https://zibdigital.com.au/wp-content/uploads/2023/08/marty-img.png"
"https://zibdigital.com.au/wp-content/uploads/2023/08/liberty-b3.jpg","image/jpeg","200","OK","Indexable","","","67","","https://zibdigital.com.au/wp-content/uploads/2023/08/liberty-b3.jpg"
"https://zibdigital.com.au/team/brandon-wood/","text/html; charset=UTF-8","200","OK","Indexable","","2f8374ac3e06470ee65b0a3a70593b19","44","https://zibdigital.com.au/team/brandon-wood/","https://zibdigital.com.au/team/brandon-wood/"
"https://zibdigital.com.au/wp-content/uploads/2023/08/lonsdalelinks-t12.jpg","image/jpeg","200","OK","Indexable","","","74","","https://zibdigital.com.au/wp-content/uploads/2023/08/lonsdalelinks-t12.jpg"
"https://zibdigital.com.au/wp-content/uploads/2023/08/crown-b2.jpg","image/jpeg","200","OK","Indexable","","","65","","https://zibdigital.com.au/wp-content/uploads/2023/08/crown-b2.jpg"
"https://zibdigital.com.au/wp-content/uploads/2023/08/netballaustralia-b15.jpg","image/jpeg","200","OK","Indexable","","","77","","https://zibdigital.com.au/wp-content/uploads/2023/08/netballaustralia-b15.jpg"
"https://zibdigital.com.au/corrine-chalmers","text/html; charset=UTF-8","301","Moved Permanently","Non-Indexable","Redirected","","42","","https://zibdigital.com.au/corrine-chalmers"
"https://zibdigital.com.au/wp-content/uploads/dynamic-mobmenu.css?ver=2.8.8-836","text/css","200","OK","Indexable","","","78","","https://zibdigital.com.au/wp-content/uploads/dynamic-mobmenu.css?ver=2.8.8-836"
"https://zibdigital.com.au/wp-content/uploads/2023/08/stirlingsports-b9.jpg","image/jpeg","200","OK","Indexable","","","74","","https://zibdigital.com.au/wp-content/uploads/2023/08/stirlingsports-b9.jpg"
"https://zibdigital.com.au/wp-content/uploads/2020/04/Adelaide-Web-Design-Mobile-Responsive-Websites.png","image/png","200","OK","Indexable","","","103","","https://zibdigital.com.au/wp-content/uploads/2020/04/Adelaide-Web-Design-Mobile-Responsive-Websites.png"
"https://zibdigital.com.au/wp-content/uploads/2020/04/Adelaide-Web-Design-E-Commerce.png","image/png","200","OK","Indexable","","","87","","https://zibdigital.com.au/wp-content/uploads/2020/04/Adelaide-Web-Design-E-Commerce.png"
"https://zibdigital.com.au/wp-content/uploads/2020/04/Adelaide-Web-Design-Content.png","image/png","200","OK","Indexable","","","84","","https://zibdigital.com.au/wp-content/uploads/2020/04/Adelaide-Web-Design-Content.png"
"https://zibdigital.com.au/wp-content/uploads/2020/04/Adelaide-Web-Design-Web-Design-and-Development.png","image/png","200","OK","Indexable","","","103","","https://zibdigital.com.au/wp-content/uploads/2020/04/Adelaide-Web-Design-Web-Design-and-Development.png"
"https://zibdigital.com.au/wp-content/uploads/dynamic-mobmenu.css?ver=2.8.8-953","text/css","200","OK","Indexable","","","78","","https://zibdigital.com.au/wp-content/uploads/dynamic-mobmenu.css?ver=2.8.8-953"
"https://zibdigital.com.au/meet-the-team/your-style.css?v=2","text/html; charset=UTF-8","302","Found","Non-Indexable","Redirected","","58","","https://zibdigital.com.au/meet-the-team/your-style.css?v=2"
"https://zibdigital.com.au/web-graphic-design-adelaide/your-style.css?v=2","text/html; charset=UTF-8","302","Found","Non-Indexable","Redirected","","72","","https://zibdigital.com.au/web-graphic-design-adelaide/your-style.css?v=2"
"https://zibdigital.com.au/wp-content/uploads/dynamic-mobmenu.css?ver=2.8.8-861","text/css","200","OK","Indexable","","","78","","https://zibdigital.com.au/wp-content/uploads/dynamic-mobmenu.css?ver=2.8.8-861"
"https://zibdigital.com.au/wp-content/uploads/2022/11/seo-spe.png","image/png","200","OK","Indexable","","","64","","https://zibdigital.com.au/wp-content/uploads/2022/11/seo-spe.png"
"https://zibdigital.com.au/wp-content/uploads/2025/08/ZIB_August2025_Blog-Header-ROAS_2400x1125.jpg","image/jpeg","200","OK","Indexable","","","98","","https://zibdigital.com.au/wp-content/uploads/2025/08/ZIB_August2025_Blog-Header-ROAS_2400x1125.jpg"
"https://zibdigital.com.au/seo-melbourne/your-style.css?v=2","text/html; charset=UTF-8","302","Found","Non-Indexable","Redirected","","58","","https://zibdigital.com.au/seo-melbourne/your-style.css?v=2"
"https://zibdigital.com.au/wp-content/uploads/2022/12/Julia-2.jpg","image/jpeg","200","OK","Indexable","","","64","","https://zibdigital.com.au/wp-content/uploads/2022/12/Julia-2.jpg"
"https://zibdigital.com.au/wp-content/uploads/2022/12/Andy.jpg","image/jpeg","200","OK","Indexable","","","61","","https://zibdigital.com.au/wp-content/uploads/2022/12/Andy.jpg"
"https://zibdigital.com.au/digital-marketing-agency-melbourne/your-style.css?v=2","text/html; charset=UTF-8","302","Found","Non-Indexable","Redirected","","79","","https://zibdigital.com.au/digital-marketing-agency-melbourne/your-style.css?v=2"
"https://zibdigital.com.au/wp-content/uploads/2023/01/Scott_Thompson-final.png","image/png","200","OK","Indexable","","","77","","https://zibdigital.com.au/wp-content/uploads/2023/01/Scott_Thompson-final.png"
"https://zibdigital.com.au/wp-content/uploads/2022/11/client-ren.png","image/png","200","OK","Indexable","","","67","","https://zibdigital.com.au/wp-content/uploads/2022/11/client-ren.png"
"https://zibdigital.com.au/category/paid-advertising/","text/html; charset=UTF-8","200","OK","Non-Indexable","noindex","d29d1d65f228493bdedcfc81805e7b92","52","https://zibdigital.com.au/category/paid-advertising/","https://zibdigital.com.au/category/paid-advertising/"
"https://zibdigital.com.au/wp-content/uploads/2022/12/Rochelle.jpg","image/jpeg","200","OK","Indexable","","","65","","https://zibdigital.com.au/wp-content/uploads/2022/12/Rochelle.jpg"
"https://zibdigital.com.au/wp-content/uploads/2025/07/ZIB_July2025_Blog-Header_2400x1125-copy.jpg","image/jpeg","200","OK","Indexable","","","96","","https://zibdigital.com.au/wp-content/uploads/2025/07/ZIB_July2025_Blog-Header_2400x1125-copy.jpg"
"https://zibdigital.com.au/google-ads-management-agency-melbourne/your-style.css?v=2","text/html; charset=UTF-8","302","Found","Non-Indexable","Redirected","","83","","https://zibdigital.com.au/google-ads-management-agency-melbourne/your-style.css?v=2"
"https://zibdigital.com.au/how-we-delivered-a-record-season-for-an-adventure-tourism-brand/","text/html; charset=UTF-8","200","OK","Indexable","","3e3b7cd52dabe1283121c31b5df7a016","90","https://zibdigital.com.au/how-we-delivered-a-record-season-for-an-adventure-tourism-brand/","https://zibdigital.com.au/how-we-delivered-a-record-season-for-an-adventure-tourism-brand/"
"https://zibdigital.com.au/wp-content/uploads/2022/12/Icon-1.png","image/png","200","OK","Indexable","","","63","","https://zibdigital.com.au/wp-content/uploads/2022/12/Icon-1.png"
"https://zibdigital.com.au/wp-content/uploads/2022/12/Icon-3-1.png","image/png","200","OK","Indexable","","","65","","https://zibdigital.com.au/wp-content/uploads/2022/12/Icon-3-1.png"
"https://zibdigital.com.au/wp-content/uploads/dynamic-mobmenu.css?ver=2.8.8-916","text/css","200","OK","Indexable","","","78","","https://zibdigital.com.au/wp-content/uploads/dynamic-mobmenu.css?ver=2.8.8-916"
"https://zibdigital.com.au/category/social-media/","text/html; charset=UTF-8","200","OK","Non-Indexable","noindex","7206d6c13adba99540430e79bf54ebef","48","https://zibdigital.com.au/category/social-media/","https://zibdigital.com.au/category/social-media/"
"https://zibdigital.com.au/wp-content/uploads/2026/05/20200228_164638.jpg","image/jpeg","200","OK","Indexable","","","72","","https://zibdigital.com.au/wp-content/uploads/2026/05/20200228_164638.jpg"
"https://zibdigital.com.au/wp-content/uploads/2022/11/roas.png","image/png","200","OK","Indexable","","","61","","https://zibdigital.com.au/wp-content/uploads/2022/11/roas.png"
"https://zibdigital.com.au/wp-content/uploads/2022/12/chilli-t14.jpg","image/jpeg","200","OK","Indexable","","","67","","https://zibdigital.com.au/wp-content/uploads/2022/12/chilli-t14.jpg"
"https://zibdigital.com.au/wp-content/uploads/2022/12/Abdul.jpg","image/jpeg","200","OK","Indexable","","","62","","https://zibdigital.com.au/wp-content/uploads/2022/12/Abdul.jpg"
"https://zibdigital.com.au/wp-content/uploads/2022/12/Nick.jpg","image/jpeg","200","OK","Indexable","","","61","","https://zibdigital.com.au/wp-content/uploads/2022/12/Nick.jpg"
"https://zibdigital.com.au/category/digital-marketing/","text/html; charset=UTF-8","200","OK","Non-Indexable","noindex","26766cff4b8ecb9f412ef4f6338a8e77","53","https://zibdigital.com.au/category/digital-marketing/","https://zibdigital.com.au/category/digital-marketing/"
"https://zibdigital.com.au/wp-content/uploads/2022/11/active-seo.png","image/png","200","OK","Indexable","","","67","","https://zibdigital.com.au/wp-content/uploads/2022/11/active-seo.png"
"https://zibdigital.com.au/category/seo/","text/html; charset=UTF-8","200","OK","Non-Indexable","noindex","59807aeed1f6388bbbef7b8339dad536","39","https://zibdigital.com.au/category/seo/","https://zibdigital.com.au/category/seo/"
"https://zibdigital.com.au/wp-content/uploads/2022/11/location-country.png","image/png","200","OK","Indexable","","","73","","https://zibdigital.com.au/wp-content/uploads/2022/11/location-country.png"
"https://zibdigital.com.au/wp-content/uploads/2022/12/Pinku.jpg","image/jpeg","200","OK","Indexable","","","62","","https://zibdigital.com.au/wp-content/uploads/2022/12/Pinku.jpg"
"https://zibdigital.com.au/wp-content/uploads/2022/12/Jigar.jpg","image/jpeg","200","OK","Indexable","","","62","","https://zibdigital.com.au/wp-content/uploads/2022/12/Jigar.jpg"
"https://zibdigital.com.au/how_to_align_seo/","text/html; charset=UTF-8","200","OK","Indexable","","6a39aa89e0d834be9ddbbceca2fe00cf","43","https://zibdigital.com.au/how_to_align_seo/","https://zibdigital.com.au/how_to_align_seo/"
"https://zibdigital.com.au/wp-content/uploads/2022/11/top-keyword.png","image/png","200","OK","Indexable","","","68","","https://zibdigital.com.au/wp-content/uploads/2022/11/top-keyword.png"
"https://zibdigital.com.au/wp-content/uploads/2022/12/Icon-4-1.png","image/png","200","OK","Indexable","","","65","","https://zibdigital.com.au/wp-content/uploads/2022/12/Icon-4-1.png"
"https://zibdigital.com.au/wp-content/uploads/2020/10/link-1.png","image/png","200","OK","Indexable","","","63","","https://zibdigital.com.au/wp-content/uploads/2020/10/link-1.png"
"https://zibdigital.com.au/wp-content/uploads/2022/12/Mask-Group-27.png","image/png","200","OK","Indexable","","","70","","https://zibdigital.com.au/wp-content/uploads/2022/12/Mask-Group-27.png"
"https://zibdigital.com.au/wp-content/uploads/2022/12/Icon-2.png","image/png","200","OK","Indexable","","","63","","https://zibdigital.com.au/wp-content/uploads/2022/12/Icon-2.png"
"https://zibdigital.com.au/google-ads-2025-roas/","text/html; charset=UTF-8","200","OK","Indexable","","8a341496b6e546be08522dbf42e04205","47","https://zibdigital.com.au/google-ads-2025-roas/","https://zibdigital.com.au/google-ads-2025-roas/"
"https://zibdigital.com.au/wp-content/uploads/dynamic-mobmenu.css?ver=2.8.8-184","text/css","200","OK","Indexable","","","78","","https://zibdigital.com.au/wp-content/uploads/dynamic-mobmenu.css?ver=2.8.8-184"
"https://zibdigital.com.au/wp-content/uploads/2020/10/contact-direction-arrow.png","image/png","200","OK","Indexable","","","80","","https://zibdigital.com.au/wp-content/uploads/2020/10/contact-direction-arrow.png"
"https://zibdigital.com.au/wp-content/uploads/dynamic-mobmenu.css?ver=2.8.8-808","text/css","200","OK","Indexable","","","78","","https://zibdigital.com.au/wp-content/uploads/dynamic-mobmenu.css?ver=2.8.8-808"
"https://zibdigital.com.au/wp-content/uploads/dynamic-mobmenu.css?ver=2.8.8-449","text/css","200","OK","Indexable","","","78","","https://zibdigital.com.au/wp-content/uploads/dynamic-mobmenu.css?ver=2.8.8-449"
"https://zibdigital.com.au/social-media-marketing-agency-canberra/your-style.css?v=2","text/html; charset=UTF-8","302","Found","Non-Indexable","Redirected","","83","","https://zibdigital.com.au/social-media-marketing-agency-canberra/your-style.css?v=2"
"https://zibdigital.com.au/get-in-touch/your-style.css?v=2","text/html; charset=UTF-8","302","Found","Non-Indexable","Redirected","","57","","https://zibdigital.com.au/get-in-touch/your-style.css?v=2"
"https://zibdigital.com.au/wp-content/uploads/dynamic-mobmenu.css?ver=2.8.8-815","text/css","200","OK","Indexable","","","78","","https://zibdigital.com.au/wp-content/uploads/dynamic-mobmenu.css?ver=2.8.8-815"
"https://zibdigital.com.au/social-media-marketing-agency-gold-coast/your-style.css?v=2","text/html; charset=UTF-8","302","Found","Non-Indexable","Redirected","","85","","https://zibdigital.com.au/social-media-marketing-agency-gold-coast/your-style.css?v=2"
"https://zibdigital.com.au/digital-marketing-adelaide/your-style.css?v=2","text/html; charset=UTF-8","302","Found","Non-Indexable","Redirected","","71","","https://zibdigital.com.au/digital-marketing-adelaide/your-style.css?v=2"
"https://zibdigital.com.au/wp-content/uploads/2021/10/training-icon.png","image/png","200","OK","Indexable","","","70","","https://zibdigital.com.au/wp-content/uploads/2021/10/training-icon.png"
"https://zibdigital.com.au/wp-content/uploads/2021/10/assured-roofing.jpg","image/jpeg","200","OK","Indexable","","","72","","https://zibdigital.com.au/wp-content/uploads/2021/10/assured-roofing.jpg"
"https://zibdigital.com.au/wp-content/uploads/dynamic-mobmenu.css?ver=2.8.8-441","text/css","200","OK","Indexable","","","78","","https://zibdigital.com.au/wp-content/uploads/dynamic-mobmenu.css?ver=2.8.8-441"
"https://zibdigital.com.au/wp-content/uploads/2021/10/Screen-Shot-2021-10-27-at-3.35.jpg","image/jpeg","200","OK","Indexable","","","87","","https://zibdigital.com.au/wp-content/uploads/2021/10/Screen-Shot-2021-10-27-at-3.35.jpg"
"https://zibdigital.com.au/wp-content/uploads/2021/10/production-icon.png","image/png","200","OK","Indexable","","","72","","https://zibdigital.com.au/wp-content/uploads/2021/10/production-icon.png"
"https://zibdigital.com.au/wp-content/uploads/2021/10/Chris-bg.jpg","image/jpeg","200","OK","Indexable","","","65","","https://zibdigital.com.au/wp-content/uploads/2021/10/Chris-bg.jpg"
"https://zibdigital.com.au/wp-content/uploads/2021/11/image_2021_11_09T10_30_21_782Z.jpg","image/jpeg","200","OK","Indexable","","","87","","https://zibdigital.com.au/wp-content/uploads/2021/11/image_2021_11_09T10_30_21_782Z.jpg"
"https://zibdigital.com.au/wp-content/uploads/2021/10/Levels-1.jpg","image/jpeg","200","OK","Indexable","","","65","","https://zibdigital.com.au/wp-content/uploads/2021/10/Levels-1.jpg"
"https://zibdigital.com.au/wp-content/uploads/2021/10/brand-icon.png","image/png","200","OK","Indexable","","","67","","https://zibdigital.com.au/wp-content/uploads/2021/10/brand-icon.png"
"https://zibdigital.com.au/wp-content/uploads/2021/10/amazing-graze.jpg","image/jpeg","200","OK","Indexable","","","70","","https://zibdigital.com.au/wp-content/uploads/2021/10/amazing-graze.jpg"
"https://zibdigital.com.au/wp-content/uploads/2023/07/image3.png","image/png","200","OK","Indexable","","","63","","https://zibdigital.com.au/wp-content/uploads/2023/07/image3.png"
"https://zibdigital.com.au/wp-content/plugins/wp-expand-tabs-free/src/Modules/WPTabs/Frontend/Assets/js/wp-tabs-public.min.js?ver=3.1.4","application/javascript","200","OK","Indexable","","","134","","https://zibdigital.com.au/wp-content/plugins/wp-expand-tabs-free/src/Modules/WPTabs/Frontend/Assets/js/wp-tabs-public.min.js?ver=3.1.4"
"https://zibdigital.com.au/the-holidays-go-digital/","text/html; charset=UTF-8","200","OK","Indexable","","f00fb015aa196eb8489e0966ed8b52e4","50","https://zibdigital.com.au/the-holidays-go-digital/","https://zibdigital.com.au/the-holidays-go-digital/"
"https://zibdigital.com.au/wp-content/uploads/2023/07/icon1.png","image/png","200","OK","Indexable","","","62","","https://zibdigital.com.au/wp-content/uploads/2023/07/icon1.png"
"https://zibdigital.com.au/wp-content/uploads/2023/07/track-racer-logo.png","image/png","200","OK","Indexable","","","73","","https://zibdigital.com.au/wp-content/uploads/2023/07/track-racer-logo.png"
"https://zibdigital.com.au/wp-content/uploads/2023/07/icon5.jpg","image/jpeg","200","OK","Indexable","","","62","","https://zibdigital.com.au/wp-content/uploads/2023/07/icon5.jpg"
"https://zibdigital.com.au/wp-content/uploads/2025/04/Inglewood-logo-blk.svg","image/svg+xml","200","OK","Indexable","","","75","","https://zibdigital.com.au/wp-content/uploads/2025/04/Inglewood-logo-blk.svg"
"https://zibdigital.com.au/wp-content/plugins/wp-expand-tabs-free/src/Modules/WPTabs/Frontend/Assets/css/animate.min.css?ver=3.1.4","text/css","200","OK","Indexable","","","129","","https://zibdigital.com.au/wp-content/plugins/wp-expand-tabs-free/src/Modules/WPTabs/Frontend/Assets/css/animate.min.css?ver=3.1.4"
"https://zibdigital.com.au/wp-content/plugins/slide-anything/lightgallery/player.min.js?ver=2.17.1","application/javascript","200","OK","Indexable","","","97","","https://zibdigital.com.au/wp-content/plugins/slide-anything/lightgallery/player.min.js?ver=2.17.1"
"https://zibdigital.com.au/wp-content/uploads/2023/11/Google-Ads_Display.jpg","image/jpeg","200","OK","Indexable","","","75","","https://zibdigital.com.au/wp-content/uploads/2023/11/Google-Ads_Display.jpg"
"https://zibdigital.com.au/wp-content/uploads/2023/07/image4.png","image/png","200","OK","Indexable","","","63","","https://zibdigital.com.au/wp-content/uploads/2023/07/image4.png"
"https://zibdigital.com.au/wp-content/plugins/slide-anything/js/jquery.mousewheel.min.js?ver=3.1.13","application/javascript","200","OK","Indexable","","","98","","https://zibdigital.com.au/wp-content/plugins/slide-anything/js/jquery.mousewheel.min.js?ver=3.1.13"
"https://zibdigital.com.au/wp-content/plugins/wp-expand-tabs-free/src/Modules/WPTabs/Frontend/Assets/css/wp-tabs-public.min.css?ver=3.1.4","text/css","200","OK","Indexable","","","136","","https://zibdigital.com.au/wp-content/plugins/wp-expand-tabs-free/src/Modules/WPTabs/Frontend/Assets/css/wp-tabs-public.min.css?ver=3.1.4"
"https://zibdigital.com.au/wp-content/uploads/dynamic-mobmenu.css?ver=2.8.8-740","text/css","200","OK","Indexable","","","78","","https://zibdigital.com.au/wp-content/uploads/dynamic-mobmenu.css?ver=2.8.8-740"
"https://zibdigital.com.au/wp-content/plugins/slide-anything/lightgallery/plugins/video/lg-video.min.js?ver=2.5.0","application/javascript","200","OK","Indexable","","","112","","https://zibdigital.com.au/wp-content/plugins/slide-anything/lightgallery/plugins/video/lg-video.min.js?ver=2.5.0"
"https://zibdigital.com.au/wp-content/uploads/2025/07/Team-slide_social_Oct23-1-1-new-version-copy.webp","image/webp","200","OK","Indexable","","","102","","https://zibdigital.com.au/wp-content/uploads/2025/07/Team-slide_social_Oct23-1-1-new-version-copy.webp"
"https://zibdigital.com.au/wp-content/uploads/2023/07/icon8.jpg","image/jpeg","200","OK","Indexable","","","62","","https://zibdigital.com.au/wp-content/uploads/2023/07/icon8.jpg"
"https://zibdigital.com.au/wp-content/uploads/2023/07/icon4.png","image/png","200","OK","Indexable","","","62","","https://zibdigital.com.au/wp-content/uploads/2023/07/icon4.png"
"https://zibdigital.com.au/wp-content/uploads/2023/11/Google-Ads_Search.jpg","image/jpeg","200","OK","Indexable","","","74","","https://zibdigital.com.au/wp-content/uploads/2023/11/Google-Ads_Search.jpg"
"https://zibdigital.com.au/wp-content/plugins/slide-anything/lightgallery/lightgallery.min.js?ver=2.5.0","application/javascript","200","OK","Indexable","","","102","","https://zibdigital.com.au/wp-content/plugins/slide-anything/lightgallery/lightgallery.min.js?ver=2.5.0"
"https://zibdigital.com.au/wasting-google-ad-budget/","text/html; charset=UTF-8","200","OK","Indexable","","a52ee879320cdf3a16913cc2a5a517bf","51","https://zibdigital.com.au/wasting-google-ad-budget/","https://zibdigital.com.au/wasting-google-ad-budget/"
"https://zibdigital.com.au/wp-content/plugins/slide-anything/lightgallery/plugins/zoom/lg-zoom.min.js?ver=2.5.0","application/javascript","200","OK","Indexable","","","110","","https://zibdigital.com.au/wp-content/plugins/slide-anything/lightgallery/plugins/zoom/lg-zoom.min.js?ver=2.5.0"
"https://zibdigital.com.au/wp-content/uploads/2023/07/icon7.jpg","image/jpeg","200","OK","Indexable","","","62","","https://zibdigital.com.au/wp-content/uploads/2023/07/icon7.jpg"
"https://zibdigital.com.au/wp-content/uploads/2023/07/icon3.png","image/png","200","OK","Indexable","","","62","","https://zibdigital.com.au/wp-content/uploads/2023/07/icon3.png"
"https://zibdigital.com.au/wp-content/uploads/2024/02/Group-1171.png","image/png","200","OK","Indexable","","","67","","https://zibdigital.com.au/wp-content/uploads/2024/02/Group-1171.png"
"https://zibdigital.com.au/wp-content/uploads/2023/07/icon_arrow.png","image/png","200","OK","Indexable","","","67","","https://zibdigital.com.au/wp-content/uploads/2023/07/icon_arrow.png"
"https://zibdigital.com.au/wp-content/plugins/slide-anything/lightgallery/plugins/autoplay/lg-autoplay.min.js?ver=2.5.0","application/javascript","200","OK","Indexable","","","118","","https://zibdigital.com.au/wp-content/plugins/slide-anything/lightgallery/plugins/autoplay/lg-autoplay.min.js?ver=2.5.0"
"https://zibdigital.com.au/google-ads/your-style.css?v=2","text/html; charset=UTF-8","302","Found","Non-Indexable","Redirected","","55","","https://zibdigital.com.au/google-ads/your-style.css?v=2"
"https://zibdigital.com.au/wp-content/uploads/2023/07/image8.png","image/png","200","OK","Indexable","","","63","","https://zibdigital.com.au/wp-content/uploads/2023/07/image8.png"
"https://zibdigital.com.au/wp-content/uploads/2023/11/Google-Ads_Video.jpg","image/jpeg","200","OK","Indexable","","","73","","https://zibdigital.com.au/wp-content/uploads/2023/11/Google-Ads_Video.jpg"
"https://zibdigital.com.au/wp-content/plugins/slide-anything/owl-carousel/owl.carousel2.thumbs.min.js?ver=0.1.8","application/javascript","200","OK","Indexable","","","110","","https://zibdigital.com.au/wp-content/plugins/slide-anything/owl-carousel/owl.carousel2.thumbs.min.js?ver=0.1.8"
"https://zibdigital.com.au/why-ppc-is-the-perfect-complement-to-your-seo-strategy/","text/html; charset=UTF-8","200","OK","Indexable","","f41673504973860537497d88cab2b2dd","81","https://zibdigital.com.au/why-ppc-is-the-perfect-complement-to-your-seo-strategy/","https://zibdigital.com.au/why-ppc-is-the-perfect-complement-to-your-seo-strategy/"
"https://zibdigital.com.au/wp-content/uploads/2025/04/Inglewood-testimonial_sml.webp","image/webp","200","OK","Indexable","","","83","","https://zibdigital.com.au/wp-content/uploads/2025/04/Inglewood-testimonial_sml.webp"
"https://zibdigital.com.au/wp-content/plugins/slide-anything/owl-carousel/owl.carousel.min.js?ver=2.2.1","application/javascript","200","OK","Indexable","","","102","","https://zibdigital.com.au/wp-content/plugins/slide-anything/owl-carousel/owl.carousel.min.js?ver=2.2.1"
"https://zibdigital.com.au/wp-content/uploads/2023/07/icon2.png","image/png","200","OK","Indexable","","","62","","https://zibdigital.com.au/wp-content/uploads/2023/07/icon2.png"
"https://zibdigital.com.au/wp-content/uploads/2024/02/image01.png","image/png","200","OK","Indexable","","","64","","https://zibdigital.com.au/wp-content/uploads/2024/02/image01.png"
"https://zibdigital.com.au/wp-content/uploads/2023/11/Google-Ads_Shopping.jpg","image/jpeg","200","OK","Indexable","","","76","","https://zibdigital.com.au/wp-content/uploads/2023/11/Google-Ads_Shopping.jpg"
"https://zibdigital.com.au/wp-content/uploads/2023/07/icon6.jpg","image/jpeg","200","OK","Indexable","","","62","","https://zibdigital.com.au/wp-content/uploads/2023/07/icon6.jpg"
"https://zibdigital.com.au/wp-content/plugins/wp-expand-tabs-free/src/Modules/WPTabs/Frontend/Assets/js/tab.min.js?ver=3.1.4","application/javascript","200","OK","Indexable","","","123","","https://zibdigital.com.au/wp-content/plugins/wp-expand-tabs-free/src/Modules/WPTabs/Frontend/Assets/js/tab.min.js?ver=3.1.4"
"https://zibdigital.com.au/wp-content/uploads/2024/03/Mask-Group-21-6.png","image/png","200","OK","Indexable","","","72","","https://zibdigital.com.au/wp-content/uploads/2024/03/Mask-Group-21-6.png"
"https://zibdigital.com.au/wp-content/uploads/2020/05/Case-Studies-page-Twelve-Board-1024x1024.jpg","image/jpeg","200","OK","Indexable","","","97","","https://zibdigital.com.au/wp-content/uploads/2020/05/Case-Studies-page-Twelve-Board-1024x1024.jpg"
"https://zibdigital.com.au/wp-content/uploads/2022/08/Screen-Shot-2022-07-29-at-9.45.26-am-1024x1024.png","image/png","200","OK","Indexable","","","103","","https://zibdigital.com.au/wp-content/uploads/2022/08/Screen-Shot-2022-07-29-at-9.45.26-am-1024x1024.png"
"https://zibdigital.com.au/wp-content/uploads/2024/03/Mask-Group-21-2.png","image/png","200","OK","Indexable","","","72","","https://zibdigital.com.au/wp-content/uploads/2024/03/Mask-Group-21-2.png"
"https://zibdigital.com.au/wp-content/uploads/2020/05/Case-studies-page-National-Crime-Check-1024x1024.jpg","image/jpeg","200","OK","Indexable","","","105","","https://zibdigital.com.au/wp-content/uploads/2020/05/Case-studies-page-National-Crime-Check-1024x1024.jpg"
"https://zibdigital.com.au/wp-content/uploads/2020/05/Case-Studies-page-Wicked-Sista-1024x1024.jpg","image/jpeg","200","OK","Indexable","","","97","","https://zibdigital.com.au/wp-content/uploads/2020/05/Case-Studies-page-Wicked-Sista-1024x1024.jpg"
"https://zibdigital.com.au/wp-content/plugins/js_composer/assets/lib/lightbox2/dist/js/lightbox.min.js?ver=6.9.0","application/javascript","200","OK","Indexable","","","111","","https://zibdigital.com.au/wp-content/plugins/js_composer/assets/lib/lightbox2/dist/js/lightbox.min.js?ver=6.9.0"
"https://zibdigital.com.au/casestudy-category/social-media/","text/html; charset=UTF-8","200","OK","Non-Indexable","noindex","e5abc21b417b0b3dc77a407cf65f22b6","58","https://zibdigital.com.au/casestudy-category/social-media/","https://zibdigital.com.au/casestudy-category/social-media/"
"https://zibdigital.com.au/casestudy-category/web-design/","text/html; charset=UTF-8","200","OK","Non-Indexable","noindex","32eed5cfd5c3973ca3f770b196b0b22a","56","https://zibdigital.com.au/casestudy-category/web-design/","https://zibdigital.com.au/casestudy-category/web-design/"
"https://zibdigital.com.au/wp-content/plugins/facetwp/assets/js/dist/front.min.js?ver=4.0.5-demo","application/javascript","200","OK","Indexable","","","95","","https://zibdigital.com.au/wp-content/plugins/facetwp/assets/js/dist/front.min.js?ver=4.0.5-demo"
"https://zibdigital.com.au/wp-content/uploads/2024/03/Mask-Group-21-5.png","image/png","200","OK","Indexable","","","72","","https://zibdigital.com.au/wp-content/uploads/2024/03/Mask-Group-21-5.png"
"https://zibdigital.com.au/wp-content/plugins/js_composer/assets/lib/owl-carousel2-dist/owl.carousel.min.js?ver=6.9.0","application/javascript","200","OK","Indexable","","","116","","https://zibdigital.com.au/wp-content/plugins/js_composer/assets/lib/owl-carousel2-dist/owl.carousel.min.js?ver=6.9.0"
"https://zibdigital.com.au/wp-content/uploads/2024/03/Mask-Group-21-3.png","image/png","200","OK","Indexable","","","72","","https://zibdigital.com.au/wp-content/uploads/2024/03/Mask-Group-21-3.png"
"https://zibdigital.com.au/casestudy/twelve-board-store/","text/html; charset=UTF-8","200","OK","Indexable","","4a49b0a095a15623fb8297e6f83cf8e","55","https://zibdigital.com.au/casestudy/twelve-board-store/","https://zibdigital.com.au/casestudy/twelve-board-store/"
"https://zibdigital.com.au/wp-content/uploads/2025/07/Team-slide_Jun24-img-768x255-copy-version2.webp","image/webp","200","OK","Indexable","","","100","","https://zibdigital.com.au/wp-content/uploads/2025/07/Team-slide_Jun24-img-768x255-copy-version2.webp"
"https://zibdigital.com.au/wp-content/uploads/2020/07/Fruit-Box-Group-1024x1024.jpg","image/jpeg","200","OK","Indexable","","","82","","https://zibdigital.com.au/wp-content/uploads/2020/07/Fruit-Box-Group-1024x1024.jpg"
"https://zibdigital.com.au/wp-content/uploads/2020/05/Case-Studies-page-Puma-1024x1024.jpg","image/jpeg","200","OK","Indexable","","","89","","https://zibdigital.com.au/wp-content/uploads/2020/05/Case-Studies-page-Puma-1024x1024.jpg"
"https://zibdigital.com.au/wp-content/uploads/2024/03/Mask-Group-21-4.png","image/png","200","OK","Indexable","","","72","","https://zibdigital.com.au/wp-content/uploads/2024/03/Mask-Group-21-4.png"
"https://zibdigital.com.au/wp-content/uploads/2022/08/Screen-Shot-2022-07-26-at-4.26.42-pm-1024x1024.png","image/png","200","OK","Indexable","","","103","","https://zibdigital.com.au/wp-content/uploads/2022/08/Screen-Shot-2022-07-26-at-4.26.42-pm-1024x1024.png"
"https://zibdigital.com.au/casestudy/ncc/","text/html; charset=UTF-8","200","OK","Indexable","","2825bf47e2d01cf4a564ca5246132f86","40","https://zibdigital.com.au/casestudy/ncc/","https://zibdigital.com.au/casestudy/ncc/"
"https://zibdigital.com.au/wp-content/uploads/2024/03/Mask-Group-21.png","image/png","200","OK","Indexable","","","70","","https://zibdigital.com.au/wp-content/uploads/2024/03/Mask-Group-21.png"
"https://zibdigital.com.au/casestudy/wicked-sista/","text/html; charset=UTF-8","200","OK","Indexable","","4a01568b006563326c821a69ae242a4a","49","https://zibdigital.com.au/casestudy/wicked-sista/","https://zibdigital.com.au/casestudy/wicked-sista/"
"https://zibdigital.com.au/casestudy-category/digital-marketing/","text/html; charset=UTF-8","200","OK","Non-Indexable","noindex","bbd89749926eb904996e46bbde97e777","63","https://zibdigital.com.au/casestudy-category/digital-marketing/","https://zibdigital.com.au/casestudy-category/digital-marketing/"
"https://zibdigital.com.au/wp-content/uploads/2022/08/Screen-Shot-2022-07-26-at-4.47.18-pm-1024x1024.png","image/png","200","OK","Indexable","","","103","","https://zibdigital.com.au/wp-content/uploads/2022/08/Screen-Shot-2022-07-26-at-4.47.18-pm-1024x1024.png"
"https://zibdigital.com.au/wp-content/plugins/js_composer/assets/lib/bower/imagesloaded/imagesloaded.pkgd.min.js?ver=6.9.0","application/javascript","200","OK","Indexable","","","121","","https://zibdigital.com.au/wp-content/plugins/js_composer/assets/lib/bower/imagesloaded/imagesloaded.pkgd.min.js?ver=6.9.0"
"https://zibdigital.com.au/wp-content/plugins/js_composer/assets/lib/vc_waypoints/vc-waypoints.min.js?ver=6.9.0","application/javascript","200","OK","Indexable","","","110","","https://zibdigital.com.au/wp-content/plugins/js_composer/assets/lib/vc_waypoints/vc-waypoints.min.js?ver=6.9.0"
"https://zibdigital.com.au/wp-content/plugins/js_composer/assets/js/dist/vc_grid.min.js?ver=6.9.0","application/javascript","200","OK","Indexable","","","96","","https://zibdigital.com.au/wp-content/plugins/js_composer/assets/js/dist/vc_grid.min.js?ver=6.9.0"
"https://zibdigital.com.au/wp-content/uploads/dynamic-mobmenu.css?ver=2.8.8-873","text/css","200","OK","Indexable","","","78","","https://zibdigital.com.au/wp-content/uploads/dynamic-mobmenu.css?ver=2.8.8-873"
"https://zibdigital.com.au/wp-content/uploads/2022/08/Screen-Shot-2022-07-26-at-4.42.14-pm-1024x1024.png","image/png","200","OK","Indexable","","","103","","https://zibdigital.com.au/wp-content/uploads/2022/08/Screen-Shot-2022-07-26-at-4.42.14-pm-1024x1024.png"
"https://zibdigital.com.au/wp-includes/js/underscore.min.js?ver=1.13.8","application/javascript","200","OK","Indexable","","","69","","https://zibdigital.com.au/wp-includes/js/underscore.min.js?ver=1.13.8"
"https://zibdigital.com.au/wp-content/uploads/2024/03/Image-5.png","image/png","200","OK","Indexable","","","64","","https://zibdigital.com.au/wp-content/uploads/2024/03/Image-5.png"
"https://zibdigital.com.au/casestudy/puma/","text/html; charset=UTF-8","200","OK","Indexable","","eb20e5b414b3a0de212fcead16197243","41","https://zibdigital.com.au/casestudy/puma/","https://zibdigital.com.au/casestudy/puma/"
"https://zibdigital.com.au/wp-content/uploads/dynamic-mobmenu.css?ver=2.8.8-719","text/css","200","OK","Indexable","","","78","","https://zibdigital.com.au/wp-content/uploads/dynamic-mobmenu.css?ver=2.8.8-719"
"https://zibdigital.com.au/casestudy-category/seo-portfolio/","text/html; charset=UTF-8","200","OK","Non-Indexable","noindex","f9a5f55398dc9922c9b6724169f4c9f2","59","https://zibdigital.com.au/casestudy-category/seo-portfolio/","https://zibdigital.com.au/casestudy-category/seo-portfolio/"
"https://zibdigital.com.au/case-studies/your-style.css?v=2","text/html; charset=UTF-8","302","Found","Non-Indexable","Redirected","","57","","https://zibdigital.com.au/case-studies/your-style.css?v=2"
"https://zibdigital.com.au/wp-content/uploads/2020/10/zibdigital.png","image/png","200","OK","Indexable","","","67","","https://zibdigital.com.au/wp-content/uploads/2020/10/zibdigital.png"
"https://zibdigital.com.au/wp-content/uploads/dynamic-mobmenu.css?ver=2.8.8-149","text/css","200","OK","Indexable","","","78","","https://zibdigital.com.au/wp-content/uploads/dynamic-mobmenu.css?ver=2.8.8-149"
"https://zibdigital.com.au/digital-marketing-agency-sydney/your-style.css?v=2","text/html; charset=UTF-8","302","Found","Non-Indexable","Redirected","","76","","https://zibdigital.com.au/digital-marketing-agency-sydney/your-style.css?v=2"
"https://zibdigital.com.au/wp-content/uploads/2021/10/Screen-Shot-2021-10-27-at-4.23.jpg","image/jpeg","200","OK","Indexable","","","87","","https://zibdigital.com.au/wp-content/uploads/2021/10/Screen-Shot-2021-10-27-at-4.23.jpg"
"https://zibdigital.com.au/wp-content/uploads/2021/10/the-fruitbox-group.jpg","image/jpeg","200","OK","Indexable","","","75","","https://zibdigital.com.au/wp-content/uploads/2021/10/the-fruitbox-group.jpg"
"https://zibdigital.com.au/zib-partner-opportunity/your-style.css?v=2","text/html; charset=UTF-8","302","Found","Non-Indexable","Redirected","","68","","https://zibdigital.com.au/zib-partner-opportunity/your-style.css?v=2"
"https://zibdigital.com.au/privacy-policy/your-style.css?v=2","text/html; charset=UTF-8","302","Found","Non-Indexable","Redirected","","59","","https://zibdigital.com.au/privacy-policy/your-style.css?v=2"
"https://zibdigital.com.au/wp-content/uploads/2021/10/support-icon.png","image/png","200","OK","Indexable","","","69","","https://zibdigital.com.au/wp-content/uploads/2021/10/support-icon.png"
